record_id,date,asset_id,equipment_type,location,reported_by,complaint,root_cause,fix_steps,parts_used,cost_inr,downtime_hours,urgency,safety_critical,prior_failures_on_asset,prior_same_cause_on_asset,technician_notes,status,source
MR-0001,2024-09-11,RO-005,Water purifier,"Cafeteria, Ground floor",security guard,"Complaint from faculty member: Water purifier giving low flow (Cafeteria, Ground floor).",Clogged sediment filter and fouled RO membrane,Replace the sediment and carbon filters | Flush or replace the RO membrane | Test TDS after service,RO membrane,3400,1.5,Low,False,0,0,Found clogged sediment filter and fouled RO membrane. Replace the sediment and carbon filters. Unit monitored for an hour after repair; no issues.,resolved,seed
MR-0002,2024-09-12,LIFT-001,Elevator,Block A lift 1,lab assistant,"Lift stops slightly above the floor level near Block A lift 1, started two days ago.",Leveling sensor drift and brake wear,Recalibrate the leveling sensor | Inspect brake pads and brake gap | Adjust or replace worn brake pads | Run test trips on all floors,"leveling sensor, brake pads",4700,3.0,High,True,0,0,Found leveling sensor drift and brake wear. Recalibrate the leveling sensor. Tested after repair; operating normally.,resolved,seed
MR-0003,2024-09-12,LIFT-001,Elevator,Block A lift 1,housekeeping supervisor,"Elevator door keeps opening and closing, started last week.",Dirty door track and misaligned door sensor,Clean the door sill and track | Realign the door sensor | Lubricate door rollers | Test door cycle 10 times,"door roller, door sensor",3350,1.0,Medium,False,1,0,Found dirty door track and misaligned door sensor. Clean the door sill and track. Tested after repair; operating normally.,resolved,seed
MR-0004,2024-09-18,UPS-001,UPS,"Lab Complex, Ground floor",lab assistant,Computers shut down as soon as power goes.,Degraded battery bank,Run a battery discharge test | Replace the battery bank | Recalibrate battery runtime | Test backup on full load,UPS battery set,8250,1.0,Medium,False,0,0,Found degraded battery bank. Run a battery discharge test. Closed after a successful test run.,resolved,seed
MR-0006,2024-09-22,UPS-001,UPS,"Lab Complex, Ground floor",hostel warden,"UPS beeping with battery fault light near Lab Complex, Ground floor, started yesterday.",Degraded battery bank,Run a battery discharge test | Replace the battery bank | Recalibrate battery runtime | Test backup on full load,UPS battery set,24300,2.0,Medium,False,1,1,Found degraded battery bank. Run a battery discharge test. Recurring issue - 1 similar failure(s) earlier on this asset. Verified operation with the user before closing the ticket.,resolved,seed
MR-0007,2024-09-26,CCTV-004,CCTV system,Hostel 1 corridor,housekeeping supervisor,Camera feed keeps disconnecting in Hostel 1 corridor.,Camera cable or PoE switch port failure,Check the camera power and cable | Test the PoE switch port | Replace the cable or move to a spare port,"network cable, PoE injector",1250,2.5,Medium,False,0,0,Found camera cable or PoE switch port failure. Check the camera power and cable. Closed after a successful test run.,resolved,seed
MR-0008,2024-10-01,CCTV-004,CCTV system,Hostel 1 corridor,lab assistant,"CCTV camera offline, also no video from the camera in the parking area in Hostel 1 corridor.",Camera cable or PoE switch port failure,Check the camera power and cable | Test the PoE switch port | Replace the cable or move to a spare port,network cable,1550,2.0,Medium,False,1,1,Found camera cable or PoE switch port failure. Check the camera power and cable. Recurring issue - 1 similar failure(s) earlier on this asset. Unit monitored for an hour after repair; no issues.,resolved,seed
MR-0009,2024-10-06,UPS-002,UPS,"Hostel 2, 1st floor",lab assistant,"UPS overload alarm in Hostel 2, 1st floor.",Inverter overload and faulty inverter board,Measure the connected load | Reduce load or shift equipment to another UPS | Inspect and replace the inverter board if faulty,inverter board,11800,1.0,Medium,False,0,0,Found inverter overload and faulty inverter board. Measure the connected load. Verified operation with the user before closing the ticket.,resolved,seed
MR-0010,2024-10-06,CCTV-001,CCTV system,Parking area,lab assistant,NVR beeping continuously. Happening since the past few hours. Location: Parking area.,Recorder hard disk failure,Check the disk status on the NVR | Replace the failed hard disk | Format and confirm recording,surveillance hard disk,5050,1.0,Medium,False,0,0,Found recorder hard disk failure. Check the disk status on the NVR. Tested after repair; operating normally.,resolved,seed
MR-0011,2024-10-09,PRJ-004,Projector,"Hostel 2, 2nd floor",student,Projector image is dim and turns off.,Projector lamp near end of life with dust in vents,Clean the air filter and vents | Replace the projector lamp | Reset the lamp timer,projector lamp,4450,1.0,Low,False,0,0,Found projector lamp near end of life with dust in vents. Clean the air filter and vents. Closed after a successful test run.,resolved,seed
MR-0013,2024-10-16,PRJ-007,Projector,"Block C, 2nd floor",faculty member,"Projector shows a pink or green tint in Block C, 2nd floor.",Faulty HDMI cable or input port,Swap the HDMI cable | Test other input ports | Replace the cable or port board,HDMI cable,1000,1.0,Low,False,0,0,Found faulty HDMI cable or input port. Swap the HDMI cable. Unit monitored for an hour after repair; no issues.,resolved,seed
MR-0014,2024-10-18,AC-002,Air conditioner,"Block A, 2nd floor",lab assistant,"Water leaking from the indoor AC unit, also AC dripping water on the floor. Happening since the past few hours. Location: Block A, 2nd floor.",Blocked condensate drain line,Flush the drain line with air or water | Clear the blockage and clean the drain tray | Re-level the indoor unit | Run the unit and confirm no leakage,drain pipe,1050,1.0,Low,False,0,0,Found blocked condensate drain line. Flush the drain line with air or water. Closed after a successful test run.,resolved,seed
MR-0015,2024-10-20,AC-002,Air conditioner,"Block A, 2nd floor",student,"AC dripping water on the floor, also water stains on the wall below the AC in Block A, 2nd floor.",Blocked condensate drain line,Flush the drain line with air or water | Clear the blockage and clean the drain tray | Re-level the indoor unit | Run the unit and confirm no leakage,drain pipe,1100,1.0,Low,False,1,1,Found blocked condensate drain line. Flush the drain line with air or water. Recurring issue - 1 similar failure(s) earlier on this asset. Closed after a successful test run.,resolved,seed
MR-0016,2024-10-24,AC-014,Air conditioner,"Sports Complex, Ground floor",hostel warden,"AC blowing air but the room stays warm, also weak airflow from the AC vents in Sports Complex, Ground floor.",Clogged air filter and dirty evaporator coil,Switch off and isolate the unit | Remove and wash or replace the air filter | Clean the evaporator coil with coil cleaner | Check airflow and run a cooling test,coil cleaner,900,1.5,Low,False,0,0,Found clogged air filter and dirty evaporator coil. Switch off and isolate the unit. Verified operation with the user before closing the ticket.,resolved,seed
MR-0017,2024-10-27,DG-003,Diesel generator,Admin Building basement,admin staff,"No supply to the block even though the DG is running, started last night.",Faulty ATS changeover contactor,Check the ATS control supply and logic | Inspect contactor contacts for burning | Replace the ATS contactor | Test changeover in both directions,ATS contactor,6950,3.5,Critical,True,0,0,Found faulty ATS changeover contactor. Check the ATS control supply and logic. Closed after a successful test run.,resolved,seed
MR-0018,2024-10-30,LT-005,Lighting,"Hostel 3, 1st floor",housekeeping supervisor,"Complaint from student: Corridor lights not switching on at night, also street lights staying on during the day (Hostel 3, 1st floor).",Faulty timer or photocell controller,Check timer settings and supply | Replace the photocell or timer | Test for two cycles,photocell,1250,1.5,Low,False,0,0,Found faulty timer or photocell controller. Check timer settings and supply. Unit monitored for an hour after repair; no issues.,resolved,seed
MR-0019,2024-10-31,LIFT-005,Elevator,Admin Building lift,student,Lift door makes a grinding noise in Admin Building lift.,Dirty door track and misaligned door sensor,Clean the door sill and track | Realign the door sensor | Lubricate door rollers | Test door cycle 10 times,"door sensor, door roller",4200,2.0,Medium,False,0,0,Found dirty door track and misaligned door sensor. Clean the door sill and track. Tested after repair; operating normally.,resolved,seed
MR-0020,2024-11-01,RO-001,Water purifier,"Block D, 1st floor",security guard,"Block D, 1st floor: RO water tastes bad, also water purifier giving low flow. Please check.",Clogged sediment filter and fouled RO membrane,Replace the sediment and carbon filters | Flush or replace the RO membrane | Test TDS after service,"RO membrane, sediment filter",2000,2.0,Low,False,0,0,Found clogged sediment filter and fouled RO membrane. Replace the sediment and carbon filters. Tested after repair; operating normally.,resolved,seed
MR-0021,2024-11-01,LIFT-004,Elevator,Hostel 2 lift,security guard,Lift stops slightly above the floor level in Hostel 2 lift.,Leveling sensor drift and brake wear,Recalibrate the leveling sensor | Inspect brake pads and brake gap | Adjust or replace worn brake pads | Run test trips on all floors,"brake pads, leveling sensor",3700,3.5,High,True,0,0,Found leveling sensor drift and brake wear. Recalibrate the leveling sensor. Closed after a successful test run.,resolved,seed
MR-0022,2024-11-02,UPS-001,UPS,"Lab Complex, Ground floor",lab assistant,"Complaint from lab assistant: UPS beeping with battery fault light, also UPS battery swollen or hot (Lab Complex, Ground floor).",Degraded battery bank,Run a battery discharge test | Replace the battery bank | Recalibrate battery runtime | Test backup on full load,UPS battery set,13450,2.0,Medium,False,2,2,Found degraded battery bank. Run a battery discharge test. Recurring issue - 2 similar failure(s) earlier on this asset. Verified operation with the user before closing the ticket.,resolved,seed
MR-0023,2024-11-04,UPS-001,UPS,"Lab Complex, Ground floor",housekeeping supervisor,"UPS switches to bypass repeatedly, also UPS shutting down under load. Happening since last night. Location: Lab Complex, Ground floor.",Inverter overload and faulty inverter board,Measure the connected load | Reduce load or shift equipment to another UPS | Inspect and replace the inverter board if faulty,inverter board,6000,4.0,Medium,False,3,0,Found inverter overload and faulty inverter board. Measure the connected load. Unit monitored for an hour after repair; no issues.,resolved,seed
MR-0025,2024-11-06,DG-002,Diesel generator,Hostel power room,hostel warden,"Urgent - DG set cranks weakly and fails to start, also generator auto start not working during the outage at Hostel power room.",Weak or dead starter battery,Test battery voltage and load | Replace the starter battery | Check charging alternator and terminals | Do a start test on load,12V battery,7050,2.0,High,False,0,0,Found weak or dead starter battery. Test battery voltage and load. Closed after a successful test run.,resolved,seed
MR-0027,2024-11-13,LT-001,Lighting,"Block D, 1st floor",hostel warden,"Complaint from hostel warden: Outdoor lights on at odd times (Block D, 1st floor).",Faulty timer or photocell controller,Check timer settings and supply | Replace the photocell or timer | Test for two cycles,"photocell, timer relay",1050,2.0,Low,False,0,0,Found faulty timer or photocell controller. Check timer settings and supply. Closed after a successful test run.,resolved,seed
MR-0028,2024-11-14,AC-009,Air conditioner,"Block D, Ground floor",security guard,"Block D, Ground floor: Ice forming on the AC copper pipe. Please check.",Low refrigerant due to gas leak,Perform a pressure and leak test | Seal or weld the leaking joint | Vacuum the line and recharge refrigerant | Verify cooling and gas pressure,"copper joint, refrigerant gas",4350,3.0,Medium,False,0,0,Found low refrigerant due to gas leak. Perform a pressure and leak test. Unit monitored for an hour after repair; no issues.,resolved,seed
MR-0029,2024-11-15,DG-001,Diesel generator,Main power house,hostel warden,Generator not starting when the power cut happened in Main power house.,Weak or dead starter battery,Test battery voltage and load | Replace the starter battery | Check charging alternator and terminals | Do a start test on load,12V battery,4700,1.5,High,False,0,0,Found weak or dead starter battery. Test battery voltage and load. Unit monitored for an hour after repair; no issues.,resolved,seed
MR-0031,2024-11-24,EP-003,Electrical panel,"Sports Complex, 2nd floor",faculty member,"Complaint from lab assistant: RCCB trips during rain (Sports Complex, 2nd floor).",Earth leakage causing RCCB trips,Perform an insulation resistance test | Locate and fix the leakage or earthing fault | Replace the RCCB if defective | Verify earth resistance,"RCCB, earthing wire",3500,3.0,Critical,True,0,0,Found earth leakage causing RCCB trips. Perform an insulation resistance test. Closed after a successful test run.,resolved,seed
MR-0032,2024-11-24,EP-004,Electrical panel,"Block B, 1st floor",admin staff,"Power trips whenever many machines are on in Block B, 1st floor.",Overloaded circuit causing MCB trips,Measure the load on each phase | Redistribute the load across circuits | Replace the weak MCB if needed | Monitor for 24 hours,MCB,1950,1.5,High,True,0,0,Found overloaded circuit causing MCB trips. Measure the load on each phase. Tested after repair; operating normally.,resolved,seed
MR-0033,2024-11-25,PRJ-008,Projector,"Block C, 1st floor",student,"Projector image is dim and turns off near Block C, 1st floor, started the past few hours.",Projector lamp near end of life with dust in vents,Clean the air filter and vents | Replace the projector lamp | Reset the lamp timer,projector lamp,8200,1.0,Low,False,0,0,Found projector lamp near end of life with dust in vents. Clean the air filter and vents. Tested after repair; operating normally.,resolved,seed
MR-0034,2024-11-29,RO-001,Water purifier,"Block D, 1st floor",lab assistant,"Water purifier giving low flow, also RO water tastes bad in Block D, 1st floor.",Clogged sediment filter and fouled RO membrane,Replace the sediment and carbon filters | Flush or replace the RO membrane | Test TDS after service,"sediment filter, RO membrane",1950,1.5,Low,False,1,1,Found clogged sediment filter and fouled RO membrane. Replace the sediment and carbon filters. Recurring issue - 1 similar failure(s) earlier on this asset. Closed after a successful test run.,resolved,seed
MR-0035,2024-12-01,AC-007,Air conditioner,"Block A, Ground floor",housekeeping supervisor,"Block A, Ground floor: AC dripping water on the floor. Please check.",Blocked condensate drain line,Flush the drain line with air or water | Clear the blockage and clean the drain tray | Re-level the indoor unit | Run the unit and confirm no leakage,drain pipe,350,1.0,Low,False,0,0,Found blocked condensate drain line. Flush the drain line with air or water. Verified operation with the user before closing the ticket.,resolved,seed
MR-0036,2024-12-06,AC-014,Air conditioner,"Sports Complex, Ground floor",faculty member,Clicking noise from the outdoor unit and no cooling. Reported by student.,Failed compressor run capacitor,Isolate power and discharge the capacitor | Test capacitor value with a multimeter | Replace the run capacitor | Check compressor amperage after restart,run capacitor,850,1.5,High,False,1,0,Found failed compressor run capacitor. Isolate power and discharge the capacitor. Verified operation with the user before closing the ticket.,resolved,seed
MR-0037,2024-12-09,LT-001,Lighting,"Block D, 1st floor",lab assistant,"Corridor lights not switching on at night in Block D, 1st floor.",Faulty timer or photocell controller,Check timer settings and supply | Replace the photocell or timer | Test for two cycles,"timer relay, photocell",2000,2.0,Low,False,1,1,Found faulty timer or photocell controller. Check timer settings and supply. Recurring issue - 1 similar failure(s) earlier on this asset. Unit monitored for an hour after repair; no issues.,resolved,seed
MR-0038,2024-12-11,LIFT-005,Elevator,Admin Building lift,lab assistant,"Lift display blank and not moving near Admin Building lift, started last week.",Controller board fault or overload trip,Check the MCB and main supply | Inspect controller board and relays | Reset or replace the controller board | Full safety-circuit test before release,"controller board, relay",6600,6.0,Critical,True,2,1,Found controller board fault or overload trip. Check the MCB and main supply. Recurring issue - 1 similar failure(s) earlier on this asset. Closed after a successful test run.,resolved,seed
MR-0039,2024-12-14,CCTV-004,CCTV system,Hostel 1 corridor,student,"Complaint from lab assistant: CCTV camera offline, also camera feed keeps disconnecting (Hostel 1 corridor).",Camera cable or PoE switch port failure,Check the camera power and cable | Test the PoE switch port | Replace the cable or move to a spare port,"network cable, PoE injector",1500,1.0,Medium,False,3,3,Found camera cable or PoE switch port failure. Check the camera power and cable. Recurring issue - 3 similar failure(s) earlier on this asset. Verified operation with the user before closing the ticket.,resolved,seed
MR-0040,2024-12-19,DG-002,Diesel generator,Hostel power room,student,Urgent - Changeover switch not working at Hostel power room.,Faulty ATS changeover contactor,Check the ATS control supply and logic | Inspect contactor contacts for burning | Replace the ATS contactor | Test changeover in both directions,ATS contactor,7600,4.0,Critical,True,1,0,Found faulty ATS changeover contactor. Check the ATS control supply and logic. Unit monitored for an hour after repair; no issues.,resolved,seed
MR-0041,2024-12-20,AC-010,Air conditioner,"Hostel 1, 1st floor",faculty member,"Bad smell coming from the AC, also AC takes hours to cool the room. Happening since this morning. Location: Hostel 1, 1st floor.",Clogged air filter and dirty evaporator coil,Switch off and isolate the unit | Remove and wash or replace the air filter | Clean the evaporator coil with coil cleaner | Check airflow and run a cooling test,"coil cleaner, air filter",1050,1.5,Low,False,0,0,Found clogged air filter and dirty evaporator coil. Switch off and isolate the unit. Verified operation with the user before closing the ticket.,resolved,seed
MR-0042,2024-12-21,EP-004,Electrical panel,"Block B, 1st floor",lab assistant,"Complaint from student: RCCB trips during rain (Block B, 1st floor).",Earth leakage causing RCCB trips,Perform an insulation resistance test | Locate and fix the leakage or earthing fault | Replace the RCCB if defective | Verify earth resistance,"earthing wire, RCCB",3900,2.0,Critical,True,1,0,Found earth leakage causing RCCB trips. Perform an insulation resistance test. Unit monitored for an hour after repair; no issues.,resolved,seed
MR-0043,2024-12-21,PL-004,Plumbing,"Hostel 3, 2nd floor",security guard,"Complaint from faculty member: Water not draining from the floor trap (Hostel 3, 2nd floor).",Blocked drain line,Rod or jet the drain line | Clear the blockage and clean the trap | Flush with clean water,drain cleaner,1850,3.0,Medium,False,0,0,Found blocked drain line. Rod or jet the drain line. Verified operation with the user before closing the ticket.,resolved,seed
MR-0044,2024-12-26,LIFT-001,Elevator,Block A lift 1,faculty member,"Lift stops slightly above the floor level, also elevator not leveling with the floor in Block A lift 1.",Leveling sensor drift and brake wear,Recalibrate the leveling sensor | Inspect brake pads and brake gap | Adjust or replace worn brake pads | Run test trips on all floors,"leveling sensor, brake pads",5300,2.5,High,True,2,1,Found leveling sensor drift and brake wear. Recalibrate the leveling sensor. Recurring issue - 1 similar failure(s) earlier on this asset. Verified operation with the user before closing the ticket.,resolved,seed
MR-0046,2025-01-04,AC-002,Air conditioner,"Block A, 2nd floor",student,"AC compressor not starting in Block A, 2nd floor.",Failed compressor run capacitor,Isolate power and discharge the capacitor | Test capacitor value with a multimeter | Replace the run capacitor | Check compressor amperage after restart,run capacitor,1500,1.5,High,False,2,0,Found failed compressor run capacitor. Isolate power and discharge the capacitor. Unit monitored for an hour after repair; no issues.,resolved,seed
MR-0047,2025-01-07,PL-007,Plumbing,"Auditorium, 1st floor",student,"Wet patch on the wall near the washroom. Happening since the past few hours. Location: Auditorium, 1st floor.",Leaking pipe joint or fitting,Close the local water supply | Locate the leak and replace the fitting | Repair the damaged plaster and waterproofing | Pressure test the line,sealant,2600,2.5,Medium,False,0,0,Found leaking pipe joint or fitting. Close the local water supply. Closed after a successful test run.,resolved,seed
MR-0048,2025-01-08,AC-008,Air conditioner,"Block B, 1st floor",housekeeping supervisor,"AC trips and does not start in Block B, 1st floor.",Failed compressor run capacitor,Isolate power and discharge the capacitor | Test capacitor value with a multimeter | Replace the run capacitor | Check compressor amperage after restart,run capacitor,1300,1.0,High,False,0,0,Found failed compressor run capacitor. Isolate power and discharge the capacitor. Verified operation with the user before closing the ticket.,resolved,seed
MR-0049,2025-01-11,RO-002,Water purifier,"Admin Building, 1st floor",lab assistant,"Purifier taking too long to fill near Admin Building, 1st floor, started yesterday.",Clogged sediment filter and fouled RO membrane,Replace the sediment and carbon filters | Flush or replace the RO membrane | Test TDS after service,"sediment filter, RO membrane",3000,1.0,Low,False,0,0,Found clogged sediment filter and fouled RO membrane. Replace the sediment and carbon filters. Verified operation with the user before closing the ticket.,resolved,seed
MR-0050,2025-01-13,CCTV-001,CCTV system,Parking area,student,"CCTV camera offline near Parking area, started last night.",Camera cable or PoE switch port failure,Check the camera power and cable | Test the PoE switch port | Replace the cable or move to a spare port,"network cable, PoE injector",650,3.0,Medium,False,1,0,Found camera cable or PoE switch port failure. Check the camera power and cable. Verified operation with the user before closing the ticket.,resolved,seed
MR-0051,2025-01-17,UPS-005,UPS,"Auditorium, 2nd floor",admin staff,"UPS switches to bypass repeatedly, also UPS overload alarm near Auditorium, 2nd floor, started last night.",Inverter overload and faulty inverter board,Measure the connected load | Reduce load or shift equipment to another UPS | Inspect and replace the inverter board if faulty,inverter board,8300,3.5,Medium,False,0,0,Found inverter overload and faulty inverter board. Measure the connected load. Unit monitored for an hour after repair; no issues.,resolved,seed
MR-0052,2025-01-22,FA-003,Fire alarm system,"Block B, 1st floor",lab assistant,"Complaint from faculty member: Fire alarm went off with no smoke (Block B, 1st floor).",Dirty smoke detector causing false alarms,Identify the zone on the panel | Clean or replace the smoke detector | Reset the zone and test it,smoke detector,1350,1.0,High,True,0,0,Found dirty smoke detector causing false alarms. Identify the zone on the panel. Closed after a successful test run.,resolved,seed
MR-0053,2025-01-23,RO-001,Water purifier,"Block D, 1st floor",admin staff,"RO water tastes bad near Block D, 1st floor, started this morning.",Clogged sediment filter and fouled RO membrane,Replace the sediment and carbon filters | Flush or replace the RO membrane | Test TDS after service,RO membrane,1550,1.0,Low,False,2,2,Found clogged sediment filter and fouled RO membrane. Replace the sediment and carbon filters. Recurring issue - 2 similar failure(s) earlier on this asset. Unit monitored for an hour after repair; no issues.,resolved,seed
MR-0054,2025-01-26,CCTV-005,CCTV system,Cafeteria,hostel warden,"Cafeteria: CCTV recording not available, also NVR beeping continuously. Please check.",Recorder hard disk failure,Check the disk status on the NVR | Replace the failed hard disk | Format and confirm recording,surveillance hard disk,4150,1.0,Medium,False,0,0,Found recorder hard disk failure. Check the disk status on the NVR. Closed after a successful test run.,resolved,seed
MR-0055,2025-01-27,CCTV-003,CCTV system,Library entrance,security guard,No video from the camera in the parking area. Reported by faculty member.,Camera cable or PoE switch port failure,Check the camera power and cable | Test the PoE switch port | Replace the cable or move to a spare port,"network cable, PoE injector",2200,1.0,Medium,False,0,0,Found camera cable or PoE switch port failure. Check the camera power and cable. Closed after a successful test run.,resolved,seed
MR-0056,2025-01-28,DG-003,Diesel generator,Admin Building basement,security guard,Steam coming from the generator radiator in Admin Building basement.,Coolant loss and radiator blockage causing overheating,Let the engine cool down and inspect for leaks | Refill coolant and replace the leaking hose or thermostat | Clean the radiator fins | Run a temperature test on load,"coolant, radiator hose",6350,3.5,High,False,1,0,Found coolant loss and radiator blockage causing overheating. Let the engine cool down and inspect for leaks. Unit monitored for an hour after repair; no issues.,resolved,seed
MR-0057,2025-02-01,PRJ-008,Projector,"Block C, 1st floor",faculty member,"Projector shuts down after 10 minutes. Happening since this morning. Location: Block C, 1st floor.",Projector lamp near end of life with dust in vents,Clean the air filter and vents | Replace the projector lamp | Reset the lamp timer,projector lamp,5800,2.0,Low,False,1,1,Found projector lamp near end of life with dust in vents. Clean the air filter and vents. Recurring issue - 1 similar failure(s) earlier on this asset. Unit monitored for an hour after repair; no issues.,resolved,seed
MR-0058,2025-02-02,LIFT-005,Elevator,Admin Building lift,housekeeping supervisor,Lift stops slightly above the floor level. Happening since yesterday. Location: Admin Building lift.,Leveling sensor drift and brake wear,Recalibrate the leveling sensor | Inspect brake pads and brake gap | Adjust or replace worn brake pads | Run test trips on all floors,"brake pads, leveling sensor",5600,3.0,High,True,3,0,Found leveling sensor drift and brake wear. Recalibrate the leveling sensor. Unit monitored for an hour after repair; no issues.,resolved,seed
MR-0059,2025-02-04,AC-001,Air conditioner,"Hostel 3, Ground floor",faculty member,"Hissing sound near the outdoor unit and no cooling, also ice forming on the AC copper pipe near Hostel 3, Ground floor, started last week.",Low refrigerant due to gas leak,Perform a pressure and leak test | Seal or weld the leaking joint | Vacuum the line and recharge refrigerant | Verify cooling and gas pressure,copper joint,6700,2.5,Medium,False,0,0,Found low refrigerant due to gas leak. Perform a pressure and leak test. Tested after repair; operating normally.,resolved,seed
MR-0060,2025-02-05,AC-008,Air conditioner,"Block B, 1st floor",student,"AC blowing air but the room stays warm near Block B, 1st floor, started two days ago.",Clogged air filter and dirty evaporator coil,Switch off and isolate the unit | Remove and wash or replace the air filter | Clean the evaporator coil with coil cleaner | Check airflow and run a cooling test,"coil cleaner, air filter",1300,1.5,Low,False,1,0,Found clogged air filter and dirty evaporator coil. Switch off and isolate the unit. Closed after a successful test run.,resolved,seed
MR-0061,2025-02-05,RO-001,Water purifier,"Block D, 1st floor",security guard,"Cooler compressor noisy near Block D, 1st floor, started last night.",Cooling unit failure in the water cooler,Check thermostat and compressor | Recharge gas or replace the thermostat | Test the cooling cycle,"refrigerant gas, thermostat",3100,2.0,Low,False,3,0,Found cooling unit failure in the water cooler. Check thermostat and compressor. Tested after repair; operating normally.,resolved,seed
MR-0062,2025-02-08,PRJ-002,Projector,"Auditorium, 2nd floor",student,"Auditorium, 2nd floor: Projector shuts down after 10 minutes. Please check.",Projector lamp near end of life with dust in vents,Clean the air filter and vents | Replace the projector lamp | Reset the lamp timer,projector lamp,3750,1.5,Low,False,0,0,Found projector lamp near end of life with dust in vents. Clean the air filter and vents. Verified operation with the user before closing the ticket.,resolved,seed
MR-0064,2025-02-09,DG-001,Diesel generator,Main power house,student,DG set cranks weakly and fails to start. Happening since the past few hours. Location: Main power house.,Weak or dead starter battery,Test battery voltage and load | Replace the starter battery | Check charging alternator and terminals | Do a start test on load,12V battery,4950,1.0,High,False,1,1,Found weak or dead starter battery. Test battery voltage and load. Recurring issue - 1 similar failure(s) earlier on this asset. Closed after a successful test run.,resolved,seed
MR-0065,2025-02-14,CCTV-004,CCTV system,Hostel 1 corridor,hostel warden,Complaint from housekeeping supervisor: NVR beeping continuously (Hostel 1 corridor).,Recorder hard disk failure,Check the disk status on the NVR | Replace the failed hard disk | Format and confirm recording,surveillance hard disk,5100,2.0,Medium,False,4,0,Found recorder hard disk failure. Check the disk status on the NVR. Unit monitored for an hour after repair; no issues.,resolved,seed
MR-0067,2025-02-17,AC-011,Air conditioner,"Lab Complex, 3rd floor",admin staff,"AC takes hours to cool the room, also weak airflow from the AC vents near Lab Complex, 3rd floor, started the past few hours.",Clogged air filter and dirty evaporator coil,Switch off and isolate the unit | Remove and wash or replace the air filter | Clean the evaporator coil with coil cleaner | Check airflow and run a cooling test,"air filter, coil cleaner",1100,1.5,Low,False,0,0,Found clogged air filter and dirty evaporator coil. Switch off and isolate the unit. Closed after a successful test run.,resolved,seed
MR-0068,2025-02-26,PRJ-001,Projector,"Block A, 2nd floor",faculty member,"Projector shuts down after 10 minutes in Block A, 2nd floor.",Projector lamp near end of life with dust in vents,Clean the air filter and vents | Replace the projector lamp | Reset the lamp timer,projector lamp,7150,1.0,Low,False,0,0,Found projector lamp near end of life with dust in vents. Clean the air filter and vents. Verified operation with the user before closing the ticket.,resolved,seed
MR-0069,2025-03-07,FA-001,Fire alarm system,"Block D, Ground floor",faculty member,"Fire panel showing a battery fault, started last night.",Panel backup battery fault,Test the backup battery | Replace the battery | Verify the panel on mains and battery,12V sealed battery,4150,1.5,High,True,0,0,Found panel backup battery fault. Test the backup battery. Verified operation with the user before closing the ticket.,resolved,seed
MR-0070,2025-03-08,AC-001,Air conditioner,"Hostel 3, Ground floor",admin staff,"AC not cooling even though the compressor is running, also hissing sound near the outdoor unit and no cooling in Hostel 3, Ground floor.",Low refrigerant due to gas leak,Perform a pressure and leak test | Seal or weld the leaking joint | Vacuum the line and recharge refrigerant | Verify cooling and gas pressure,copper joint,6450,2.5,Medium,False,1,1,Found low refrigerant due to gas leak. Perform a pressure and leak test. Recurring issue - 1 similar failure(s) earlier on this asset. Unit monitored for an hour after repair; no issues.,resolved,seed
MR-0071,2025-03-12,PUMP-002,Water pump,Hostel 1 pump room,housekeeping supervisor,"Pump making noise but no water, started last night.",Loss of prime and leaking foot valve,Stop the pump and re-prime it | Inspect and replace the foot valve | Check the suction pipe for air leaks | Run the pump and confirm tank filling,foot valve,1100,1.5,Medium,False,1,1,Found loss of prime and leaking foot valve. Stop the pump and re-prime it. Recurring issue - 1 similar failure(s) earlier on this asset. Tested after repair; operating normally.,resolved,seed
MR-0072,2025-03-13,PUMP-004,Water pump,Main sump,lab assistant,Main sump: Water dripping near the pump shaft. Please check.,Worn mechanical seal and loose pipe joints,Replace the mechanical seal | Tighten and reseal pipe joints | Check the pressure gauge,"gasket, mechanical seal",2550,1.5,Low,False,1,0,Found worn mechanical seal and loose pipe joints. Replace the mechanical seal. Unit monitored for an hour after repair; no issues.,resolved,seed
MR-0073,2025-03-23,RO-002,Water purifier,"Admin Building, 1st floor",admin staff,"Water cooler not cooling, also cooler compressor noisy near Admin Building, 1st floor, started two days ago.",Cooling unit failure in the water cooler,Check thermostat and compressor | Recharge gas or replace the thermostat | Test the cooling cycle,thermostat,2700,2.5,Low,False,1,0,Found cooling unit failure in the water cooler. Check thermostat and compressor. Closed after a successful test run.,resolved,seed
MR-0075,2025-04-01,PRJ-006,Projector,"Auditorium, 3rd floor",security guard,"Projector display flickering, also projector shows a pink or green tint in Auditorium, 3rd floor.",Faulty HDMI cable or input port,Swap the HDMI cable | Test other input ports | Replace the cable or port board,HDMI cable,1150,0.5,Low,False,0,0,Found faulty HDMI cable or input port. Swap the HDMI cable. Unit monitored for an hour after repair; no issues.,resolved,seed
MR-0076,2025-04-10,PRJ-007,Projector,"Block C, 2nd floor",security guard,Projector display flickering. Reported by admin staff.,Faulty HDMI cable or input port,Swap the HDMI cable | Test other input ports | Replace the cable or port board,HDMI cable,1050,1.5,Low,False,1,1,Found faulty HDMI cable or input port. Swap the HDMI cable. Recurring issue - 1 similar failure(s) earlier on this asset. Tested after repair; operating normally.,resolved,seed
MR-0078,2025-04-15,LT-001,Lighting,"Block D, 1st floor",housekeeping supervisor,"Lights buzzing and flickering, also tube lights flickering in the corridor. Happening since last week. Location: Block D, 1st floor.",Failed LED driver or ballast,Test the driver output | Replace the driver or ballast | Confirm stable lighting,LED driver,300,1.0,Low,False,3,0,Found failed LED driver or ballast. Test the driver output. Verified operation with the user before closing the ticket.,resolved,seed
MR-0079,2025-04-19,PL-002,Plumbing,"Hostel 1, Ground floor",student,"Hostel 1, Ground floor: Tap dripping continuously. Please check.",Worn tap washer or faulty flush valve,Replace the tap washer or cartridge | Replace the flush valve or float | Check for leaks,"tap washer, flush valve",750,0.5,Low,False,0,0,Found worn tap washer or faulty flush valve. Replace the tap washer or cartridge. Verified operation with the user before closing the ticket.,resolved,seed
MR-0080,2025-04-19,RO-002,Water purifier,"Admin Building, 1st floor",security guard,"Cooler compressor noisy in Admin Building, 1st floor.",Cooling unit failure in the water cooler,Check thermostat and compressor | Recharge gas or replace the thermostat | Test the cooling cycle,"refrigerant gas, thermostat",3150,2.0,Low,False,2,1,Found cooling unit failure in the water cooler. Check thermostat and compressor. Recurring issue - 1 similar failure(s) earlier on this asset. Closed after a successful test run.,resolved,seed
MR-0081,2025-04-24,CCTV-002,CCTV system,Main gate,security guard,CCTV camera offline.,Camera cable or PoE switch port failure,Check the camera power and cable | Test the PoE switch port | Replace the cable or move to a spare port,"network cable, PoE injector",1650,2.5,Medium,False,0,0,Found camera cable or PoE switch port failure. Check the camera power and cable. Tested after repair; operating normally.,resolved,seed
MR-0082,2025-04-29,FA-004,Fire alarm system,"Block C, 3rd floor",lab assistant,"Urgent - Smoke detector false alarm in the lab at Block C, 3rd floor.",Dirty smoke detector causing false alarms,Identify the zone on the panel | Clean or replace the smoke detector | Reset the zone and test it,smoke detector,800,2.0,High,True,0,0,Found dirty smoke detector causing false alarms. Identify the zone on the panel. Closed after a successful test run.,resolved,seed
MR-0083,2025-05-03,CCTV-004,CCTV system,Hostel 1 corridor,student,"CCTV camera offline, also camera feed keeps disconnecting, started yesterday.",Camera cable or PoE switch port failure,Check the camera power and cable | Test the PoE switch port | Replace the cable or move to a spare port,"PoE injector, network cable",1150,1.5,Medium,False,5,4,Found camera cable or PoE switch port failure. Check the camera power and cable. Recurring issue - 4 similar failure(s) earlier on this asset. Closed after a successful test run.,resolved,seed
MR-0084,2025-05-06,PL-008,Plumbing,"Cafeteria, Ground floor",hostel warden,"Complaint from housekeeping supervisor: Water dripping from a pipe in the ceiling (Cafeteria, Ground floor).",Leaking pipe joint or fitting,Close the local water supply | Locate the leak and replace the fitting | Repair the damaged plaster and waterproofing | Pressure test the line,pipe fitting,1450,1.5,Medium,False,0,0,Found leaking pipe joint or fitting. Close the local water supply. Unit monitored for an hour after repair; no issues.,resolved,seed
MR-0085,2025-05-07,LT-001,Lighting,"Block D, 1st floor",security guard,"Lights buzzing and flickering in Block D, 1st floor.",Failed LED driver or ballast,Test the driver output | Replace the driver or ballast | Confirm stable lighting,"ballast, LED driver",900,1.5,Low,False,4,1,Found failed LED driver or ballast. Test the driver output. Recurring issue - 1 similar failure(s) earlier on this asset. Tested after repair; operating normally.,resolved,seed
MR-0086,2025-05-08,AC-010,Air conditioner,"Hostel 1, 1st floor",hostel warden,"Hissing sound near the outdoor unit and no cooling near Hostel 1, 1st floor, started last night.",Low refrigerant due to gas leak,Perform a pressure and leak test | Seal or weld the leaking joint | Vacuum the line and recharge refrigerant | Verify cooling and gas pressure,"refrigerant gas, copper joint",6450,4.0,Medium,False,2,1,Found low refrigerant due to gas leak. Perform a pressure and leak test. Recurring issue - 1 similar failure(s) earlier on this asset. Tested after repair; operating normally.,resolved,seed
MR-0087,2025-05-08,CCTV-001,CCTV system,Parking area,security guard,CCTV camera offline.,Camera cable or PoE switch port failure,Check the camera power and cable | Test the PoE switch port | Replace the cable or move to a spare port,"PoE injector, network cable",3400,3.0,Medium,False,2,1,Found camera cable or PoE switch port failure. Check the camera power and cable. Recurring issue - 1 similar failure(s) earlier on this asset. Verified operation with the user before closing the ticket.,resolved,seed
MR-0088,2025-05-11,EP-005,Electrical panel,"Block B, 3rd floor",housekeeping supervisor,"Complaint from security guard: Earth leakage breaker keeps tripping (Block B, 3rd floor).",Earth leakage causing RCCB trips,Perform an insulation resistance test | Locate and fix the leakage or earthing fault | Replace the RCCB if defective | Verify earth resistance,earthing wire,1700,2.5,Critical,True,0,0,Found earth leakage causing RCCB trips. Perform an insulation resistance test. Closed after a successful test run.,resolved,seed
MR-0089,2025-05-14,AC-009,Air conditioner,"Block D, Ground floor",housekeeping supervisor,AC is not cooling properly. Reported by student.,Clogged air filter and dirty evaporator coil,Switch off and isolate the unit | Remove and wash or replace the air filter | Clean the evaporator coil with coil cleaner | Check airflow and run a cooling test,coil cleaner,650,1.0,Low,False,1,0,Found clogged air filter and dirty evaporator coil. Switch off and isolate the unit. Verified operation with the user before closing the ticket.,resolved,seed
MR-0090,2025-05-14,AC-010,Air conditioner,"Hostel 1, 1st floor",security guard,"Water leaking from the indoor AC unit in Hostel 1, 1st floor.",Blocked condensate drain line,Flush the drain line with air or water | Clear the blockage and clean the drain tray | Re-level the indoor unit | Run the unit and confirm no leakage,drain pipe,900,1.5,Low,False,3,0,Found blocked condensate drain line. Flush the drain line with air or water. Tested after repair; operating normally.,resolved,seed
MR-0091,2025-05-17,EP-006,Electrical panel,"Library, 3rd floor",hostel warden,"Complaint from admin staff: Earth leakage breaker keeps tripping (Library, 3rd floor).",Earth leakage causing RCCB trips,Perform an insulation resistance test | Locate and fix the leakage or earthing fault | Replace the RCCB if defective | Verify earth resistance,earthing wire,1900,4.0,Critical,True,0,0,Found earth leakage causing RCCB trips. Perform an insulation resistance test. Tested after repair; operating normally.,resolved,seed
MR-0092,2025-05-17,UPS-004,UPS,"Block C, 3rd floor",hostel warden,UPS backup lasts only a few minutes. Reported by admin staff.,Degraded battery bank,Run a battery discharge test | Replace the battery bank | Recalibrate battery runtime | Test backup on full load,UPS battery set,27950,2.0,Medium,False,0,0,Found degraded battery bank. Run a battery discharge test. Verified operation with the user before closing the ticket.,resolved,seed
MR-0093,2025-05-18,FA-002,Fire alarm system,"Block B, 3rd floor",security guard,"Fire panel not holding charge near Block B, 3rd floor, started two days ago.",Panel backup battery fault,Test the backup battery | Replace the battery | Verify the panel on mains and battery,12V sealed battery,1850,2.0,High,True,0,0,Found panel backup battery fault. Test the backup battery. Unit monitored for an hour after repair; no issues.,resolved,seed
MR-0094,2025-05-22,CCTV-001,CCTV system,Parking area,housekeeping supervisor,"CCTV camera offline near Parking area, started two days ago.",Camera cable or PoE switch port failure,Check the camera power and cable | Test the PoE switch port | Replace the cable or move to a spare port,network cable,450,2.0,Medium,False,3,2,Found camera cable or PoE switch port failure. Check the camera power and cable. Recurring issue - 2 similar failure(s) earlier on this asset. Closed after a successful test run.,resolved,seed
MR-0095,2025-05-31,LIFT-005,Elevator,Admin Building lift,lab assistant,"Complaint from security guard: Step at the lift entrance on some floors, also lift stops slightly above the floor level (Admin Building lift).",Leveling sensor drift and brake wear,Recalibrate the leveling sensor | Inspect brake pads and brake gap | Adjust or replace worn brake pads | Run test trips on all floors,"leveling sensor, brake pads",7800,3.5,High,True,4,1,Found leveling sensor drift and brake wear. Recalibrate the leveling sensor. Recurring issue - 1 similar failure(s) earlier on this asset. Closed after a successful test run.,resolved,seed
MR-0096,2025-06-01,UPS-001,UPS,"Lab Complex, Ground floor",security guard,"Lab Complex, Ground floor: UPS overload alarm, also UPS shutting down under load. Please check.",Inverter overload and faulty inverter board,Measure the connected load | Reduce load or shift equipment to another UPS | Inspect and replace the inverter board if faulty,inverter board,12900,1.0,Medium,False,4,1,Found inverter overload and faulty inverter board. Measure the connected load. Recurring issue - 1 similar failure(s) earlier on this asset. Closed after a successful test run.,resolved,seed
MR-0097,2025-06-07,UPS-003,UPS,"Hostel 1, 1st floor",housekeeping supervisor,"UPS beeping with battery fault light, also computers shut down as soon as power goes in Hostel 1, 1st floor.",Degraded battery bank,Run a battery discharge test | Replace the battery bank | Recalibrate battery runtime | Test backup on full load,UPS battery set,14950,2.0,Medium,False,0,0,Found degraded battery bank. Run a battery discharge test. Tested after repair; operating normally.,resolved,seed
MR-0099,2025-06-08,AC-008,Air conditioner,"Block B, 1st floor",housekeeping supervisor,"Block B, 1st floor: AC trips and does not start. Please check.",Failed compressor run capacitor,Isolate power and discharge the capacitor | Test capacitor value with a multimeter | Replace the run capacitor | Check compressor amperage after restart,run capacitor,2200,1.5,High,False,2,1,Found failed compressor run capacitor. Isolate power and discharge the capacitor. Recurring issue - 1 similar failure(s) earlier on this asset. Closed after a successful test run.,resolved,seed
MR-0100,2025-06-16,EP-004,Electrical panel,"Block B, 1st floor",faculty member,"Urgent - Flickering power with a crackling sound at Block B, 1st floor.",Loose terminal connection causing overheating,"Isolate the supply immediately | Tighten all terminal connections | Replace burnt MCB, wire or socket | Thermal-scan the board after repair",wire,3650,2.5,Critical,True,2,0,Found loose terminal connection causing overheating. Isolate the supply immediately. Closed after a successful test run.,resolved,seed
MR-0101,2025-06-16,LIFT-003,Elevator,Library lift,faculty member,Lift display blank and not moving in Library lift.,Controller board fault or overload trip,Check the MCB and main supply | Inspect controller board and relays | Reset or replace the controller board | Full safety-circuit test before release,controller board,15000,5.0,Critical,True,0,0,Found controller board fault or overload trip. Check the MCB and main supply. Tested after repair; operating normally.,resolved,seed
MR-0103,2025-06-19,RO-004,Water purifier,"Hostel 2, 2nd floor",student,"Hostel 2, 2nd floor: Water purifier giving low flow. Please check.",Clogged sediment filter and fouled RO membrane,Replace the sediment and carbon filters | Flush or replace the RO membrane | Test TDS after service,RO membrane,4200,1.5,Low,False,0,0,Found clogged sediment filter and fouled RO membrane. Replace the sediment and carbon filters. Unit monitored for an hour after repair; no issues.,resolved,seed
MR-0104,2025-06-19,AC-014,Air conditioner,"Sports Complex, Ground floor",student,"Sports Complex, Ground floor: AC dripping water on the floor. Please check.",Blocked condensate drain line,Flush the drain line with air or water | Clear the blockage and clean the drain tray | Re-level the indoor unit | Run the unit and confirm no leakage,drain pipe,350,1.0,Low,False,2,0,Found blocked condensate drain line. Flush the drain line with air or water. Verified operation with the user before closing the ticket.,resolved,seed
MR-0105,2025-06-20,PL-007,Plumbing,"Auditorium, 1st floor",lab assistant,"Water not draining from the floor trap, started last week.",Blocked drain line,Rod or jet the drain line | Clear the blockage and clean the trap | Flush with clean water,drain cleaner,2050,2.0,Medium,False,1,0,Found blocked drain line. Rod or jet the drain line. Tested after repair; operating normally.,resolved,seed
MR-0106,2025-06-21,DG-002,Diesel generator,Hostel power room,lab assistant,Urgent - Generator stalls under load at Hostel power room.,Clogged fuel filter and air lock in fuel line,Replace the fuel filter | Bleed air from the fuel line | Drain water from the fuel separator and check fuel quality | Run the set on load for 30 minutes,fuel filter,3350,2.0,High,False,2,0,Found clogged fuel filter and air lock in fuel line. Replace the fuel filter. Verified operation with the user before closing the ticket.,resolved,seed
MR-0107,2025-06-23,PL-007,Plumbing,"Auditorium, 1st floor",admin staff,"Auditorium, 1st floor: Foul smell and slow drainage, also washroom drain overflowing. Please check.",Blocked drain line,Rod or jet the drain line | Clear the blockage and clean the trap | Flush with clean water,drain cleaner,1150,1.0,Medium,False,2,1,Found blocked drain line. Rod or jet the drain line. Recurring issue - 1 similar failure(s) earlier on this asset. Verified operation with the user before closing the ticket.,resolved,seed
MR-0108,2025-06-30,EP-005,Electrical panel,"Block B, 3rd floor",security guard,"Complaint from faculty member: Mild shock felt on a metal equipment body (Block B, 3rd floor).",Earth leakage causing RCCB trips,Perform an insulation resistance test | Locate and fix the leakage or earthing fault | Replace the RCCB if defective | Verify earth resistance,"earthing wire, RCCB",1100,2.5,Critical,True,1,1,Found earth leakage causing RCCB trips. Perform an insulation resistance test. Recurring issue - 1 similar failure(s) earlier on this asset. Unit monitored for an hour after repair; no issues.,resolved,seed
MR-0109,2025-07-01,AC-002,Air conditioner,"Block A, 2nd floor",student,"Complaint from housekeeping supervisor: Clicking noise from the outdoor unit and no cooling (Block A, 2nd floor).",Failed compressor run capacitor,Isolate power and discharge the capacitor | Test capacitor value with a multimeter | Replace the run capacitor | Check compressor amperage after restart,run capacitor,2050,1.5,High,False,3,1,Found failed compressor run capacitor. Isolate power and discharge the capacitor. Recurring issue - 1 similar failure(s) earlier on this asset. Tested after repair; operating normally.,resolved,seed
MR-0110,2025-07-01,AC-010,Air conditioner,"Hostel 1, 1st floor",student,"Water stains on the wall below the AC. Happening since this morning. Location: Hostel 1, 1st floor.",Blocked condensate drain line,Flush the drain line with air or water | Clear the blockage and clean the drain tray | Re-level the indoor unit | Run the unit and confirm no leakage,drain pipe,450,1.0,Low,False,4,1,Found blocked condensate drain line. Flush the drain line with air or water. Recurring issue - 1 similar failure(s) earlier on this asset. Verified operation with the user before closing the ticket.,resolved,seed
MR-0111,2025-07-02,EP-001,Electrical panel,"Block D, Ground floor",security guard,"Complaint from lab assistant: Burning smell from the distribution board, also sparking near the switch board (Block D, Ground floor).",Loose terminal connection causing overheating,"Isolate the supply immediately | Tighten all terminal connections | Replace burnt MCB, wire or socket | Thermal-scan the board after repair","socket, MCB, wire",1250,1.5,Critical,True,0,0,Found loose terminal connection causing overheating. Isolate the supply immediately. Unit monitored for an hour after repair; no issues.,resolved,seed
MR-0113,2025-07-05,EP-003,Electrical panel,"Sports Complex, 2nd floor",security guard,"Urgent - Lights go off when the AC starts at Sports Complex, 2nd floor.",Overloaded circuit causing MCB trips,Measure the load on each phase | Redistribute the load across circuits | Replace the weak MCB if needed | Monitor for 24 hours,MCB,1300,1.5,High,True,1,0,Found overloaded circuit causing MCB trips. Measure the load on each phase. Verified operation with the user before closing the ticket.,resolved,seed
MR-0114,2025-07-09,AC-002,Air conditioner,"Block A, 2nd floor",lab assistant,"AC trips and does not start, also clicking noise from the outdoor unit and no cooling near Block A, 2nd floor, started this morning.",Failed compressor run capacitor,Isolate power and discharge the capacitor | Test capacitor value with a multimeter | Replace the run capacitor | Check compressor amperage after restart,run capacitor,2400,1.0,High,False,4,2,Found failed compressor run capacitor. Isolate power and discharge the capacitor. Recurring issue - 2 similar failure(s) earlier on this asset. Closed after a successful test run.,resolved,seed
MR-0115,2025-07-09,LT-006,Lighting,"Sports Complex, 3rd floor",housekeeping supervisor,"LED panel not turning on. Happening since last week. Location: Sports Complex, 3rd floor.",Failed LED driver or ballast,Test the driver output | Replace the driver or ballast | Confirm stable lighting,ballast,1050,1.0,Low,False,0,0,Found failed LED driver or ballast. Test the driver output. Unit monitored for an hour after repair; no issues.,resolved,seed
MR-0116,2025-07-10,UPS-004,UPS,"Block C, 3rd floor",faculty member,"Complaint from student: UPS battery swollen or hot (Block C, 3rd floor).",Degraded battery bank,Run a battery discharge test | Replace the battery bank | Recalibrate battery runtime | Test backup on full load,UPS battery set,22850,2.5,Medium,False,1,1,Found degraded battery bank. Run a battery discharge test. Recurring issue - 1 similar failure(s) earlier on this asset. Closed after a successful test run.,resolved,seed
MR-0117,2025-07-12,PRJ-002,Projector,"Auditorium, 2nd floor",faculty member,"Projector shows a pink or green tint near Auditorium, 2nd floor, started two days ago.",Faulty HDMI cable or input port,Swap the HDMI cable | Test other input ports | Replace the cable or port board,HDMI cable,1450,1.0,Low,False,1,0,Found faulty HDMI cable or input port. Swap the HDMI cable. Tested after repair; operating normally.,resolved,seed
MR-0118,2025-07-13,DG-001,Diesel generator,Main power house,faculty member,"Changeover switch not working, also power came back on the generator but the building did not switch over near Main power house, started last night.",Faulty ATS changeover contactor,Check the ATS control supply and logic | Inspect contactor contacts for burning | Replace the ATS contactor | Test changeover in both directions,ATS contactor,6350,3.5,Critical,True,2,0,Found faulty ATS changeover contactor. Check the ATS control supply and logic. Closed after a successful test run.,resolved,seed
MR-0119,2025-07-13,EP-006,Electrical panel,"Library, 3rd floor",lab assistant,"Mild shock felt on a metal equipment body in Library, 3rd floor.",Earth leakage causing RCCB trips,Perform an insulation resistance test | Locate and fix the leakage or earthing fault | Replace the RCCB if defective | Verify earth resistance,RCCB,2050,2.5,Critical,True,1,1,Found earth leakage causing RCCB trips. Perform an insulation resistance test. Recurring issue - 1 similar failure(s) earlier on this asset. Verified operation with the user before closing the ticket.,resolved,seed
MR-0120,2025-07-16,LT-006,Lighting,"Sports Complex, 3rd floor",student,"Complaint from faculty member: LED panel not turning on (Sports Complex, 3rd floor).",Failed LED driver or ballast,Test the driver output | Replace the driver or ballast | Confirm stable lighting,"LED driver, ballast",250,1.0,Low,False,1,1,Found failed LED driver or ballast. Test the driver output. Recurring issue - 1 similar failure(s) earlier on this asset. Verified operation with the user before closing the ticket.,resolved,seed
MR-0121,2025-07-18,PRJ-006,Projector,"Auditorium, 3rd floor",housekeeping supervisor,Projector image is dim and turns off. Reported by admin staff.,Projector lamp near end of life with dust in vents,Clean the air filter and vents | Replace the projector lamp | Reset the lamp timer,projector lamp,6100,1.5,Low,False,1,0,Found projector lamp near end of life with dust in vents. Clean the air filter and vents. Tested after repair; operating normally.,resolved,seed
MR-0122,2025-07-19,DG-003,Diesel generator,Admin Building basement,security guard,"Complaint from hostel warden: Generator only clicks when started, also generator auto start not working during the outage (Admin Building basement).",Weak or dead starter battery,Test battery voltage and load | Replace the starter battery | Check charging alternator and terminals | Do a start test on load,12V battery,7700,2.0,High,False,4,1,Found weak or dead starter battery. Test battery voltage and load. Recurring issue - 1 similar failure(s) earlier on this asset. Closed after a successful test run.,resolved,seed
MR-0123,2025-07-20,UPS-003,UPS,"Hostel 1, 1st floor",student,"UPS backup lasts only a few minutes in Hostel 1, 1st floor.",Degraded battery bank,Run a battery discharge test | Replace the battery bank | Recalibrate battery runtime | Test backup on full load,UPS battery set,14800,1.5,Medium,False,1,1,Found degraded battery bank. Run a battery discharge test. Recurring issue - 1 similar failure(s) earlier on this asset. Closed after a successful test run.,resolved,seed
MR-0124,2025-07-20,LT-003,Lighting,"Block B, Ground floor",lab assistant,"Complaint from student: LED panel not turning on (Block B, Ground floor).",Failed LED driver or ballast,Test the driver output | Replace the driver or ballast | Confirm stable lighting,"LED driver, ballast",650,1.0,Low,False,0,0,Found failed LED driver or ballast. Test the driver output. Tested after repair; operating normally.,resolved,seed
MR-0125,2025-07-23,DG-003,Diesel generator,Admin Building basement,housekeeping supervisor,Admin Building basement: Coolant leaking under the generator. Please check.,Coolant loss and radiator blockage causing overheating,Let the engine cool down and inspect for leaks | Refill coolant and replace the leaking hose or thermostat | Clean the radiator fins | Run a temperature test on load,"coolant, thermostat",3850,2.5,High,False,5,1,Found coolant loss and radiator blockage causing overheating. Let the engine cool down and inspect for leaks. Recurring issue - 1 similar failure(s) earlier on this asset. Verified operation with the user before closing the ticket.,resolved,seed
MR-0126,2025-07-30,PRJ-006,Projector,"Auditorium, 3rd floor",student,"Auditorium, 3rd floor: Projector shuts down after 10 minutes. Please check.",Projector lamp near end of life with dust in vents,Clean the air filter and vents | Replace the projector lamp | Reset the lamp timer,projector lamp,6100,1.5,Low,False,2,1,Found projector lamp near end of life with dust in vents. Clean the air filter and vents. Recurring issue - 1 similar failure(s) earlier on this asset. Verified operation with the user before closing the ticket.,resolved,seed
MR-0127,2025-08-05,CCTV-002,CCTV system,Main gate,hostel warden,No video from the camera in the parking area.,Camera cable or PoE switch port failure,Check the camera power and cable | Test the PoE switch port | Replace the cable or move to a spare port,"network cable, PoE injector",2950,3.0,Medium,False,1,1,Found camera cable or PoE switch port failure. Check the camera power and cable. Recurring issue - 1 similar failure(s) earlier on this asset. Verified operation with the user before closing the ticket.,resolved,seed
MR-0129,2025-08-07,AC-005,Air conditioner,"Hostel 3, Ground floor",hostel warden,"Water stains on the wall below the AC in Hostel 3, Ground floor.",Blocked condensate drain line,Flush the drain line with air or water | Clear the blockage and clean the drain tray | Re-level the indoor unit | Run the unit and confirm no leakage,drain pipe,1000,1.5,Low,False,0,0,Found blocked condensate drain line. Flush the drain line with air or water. Unit monitored for an hour after repair; no issues.,resolved,seed
MR-0130,2025-08-08,LIFT-003,Elevator,Library lift,student,Library lift: Lift door not closing fully. Please check.,Dirty door track and misaligned door sensor,Clean the door sill and track | Realign the door sensor | Lubricate door rollers | Test door cycle 10 times,"door sensor, door roller",2850,3.0,Medium,False,1,0,Found dirty door track and misaligned door sensor. Clean the door sill and track. Unit monitored for an hour after repair; no issues.,resolved,seed
MR-0131,2025-08-13,AC-014,Air conditioner,"Sports Complex, Ground floor",lab assistant,"Sports Complex, Ground floor: AC is not cooling properly. Please check.",Clogged air filter and dirty evaporator coil,Switch off and isolate the unit | Remove and wash or replace the air filter | Clean the evaporator coil with coil cleaner | Check airflow and run a cooling test,coil cleaner,1350,1.5,Low,False,3,1,Found clogged air filter and dirty evaporator coil. Switch off and isolate the unit. Recurring issue - 1 similar failure(s) earlier on this asset. Closed after a successful test run.,resolved,seed
MR-0132,2025-08-17,AC-006,Air conditioner,"Hostel 2, 3rd floor",hostel warden,"Weak airflow from the AC vents near Hostel 2, 3rd floor, started this morning.",Clogged air filter and dirty evaporator coil,Switch off and isolate the unit | Remove and wash or replace the air filter | Clean the evaporator coil with coil cleaner | Check airflow and run a cooling test,"coil cleaner, air filter",750,1.5,Low,False,0,0,Found clogged air filter and dirty evaporator coil. Switch off and isolate the unit. Closed after a successful test run.,resolved,seed
MR-0133,2025-08-22,AC-013,Air conditioner,"Hostel 2, 2nd floor",student,"Water stains on the wall below the AC, also water leaking from the indoor AC unit, started last week.",Blocked condensate drain line,Flush the drain line with air or water | Clear the blockage and clean the drain tray | Re-level the indoor unit | Run the unit and confirm no leakage,drain pipe,500,1.5,Low,False,0,0,Found blocked condensate drain line. Flush the drain line with air or water. Unit monitored for an hour after repair; no issues.,resolved,seed
MR-0134,2025-08-24,EP-003,Electrical panel,"Sports Complex, 2nd floor",housekeeping supervisor,"Flickering power with a crackling sound. Happening since this morning. Location: Sports Complex, 2nd floor.",Loose terminal connection causing overheating,"Isolate the supply immediately | Tighten all terminal connections | Replace burnt MCB, wire or socket | Thermal-scan the board after repair","wire, socket, MCB",1100,2.5,Critical,True,2,0,Found loose terminal connection causing overheating. Isolate the supply immediately. Verified operation with the user before closing the ticket.,resolved,seed
MR-0135,2025-08-29,FA-003,Fire alarm system,"Block B, 1st floor",security guard,"Complaint from admin staff: Smoke detector false alarm in the lab (Block B, 1st floor).",Dirty smoke detector causing false alarms,Identify the zone on the panel | Clean or replace the smoke detector | Reset the zone and test it,smoke detector,2650,2.0,High,True,1,1,Found dirty smoke detector causing false alarms. Identify the zone on the panel. Recurring issue - 1 similar failure(s) earlier on this asset. Tested after repair; operating normally.,resolved,seed
MR-0136,2025-08-29,AC-008,Air conditioner,"Block B, 1st floor",admin staff,"Complaint from housekeeping supervisor: Hissing sound near the outdoor unit and no cooling (Block B, 1st floor).",Low refrigerant due to gas leak,Perform a pressure and leak test | Seal or weld the leaking joint | Vacuum the line and recharge refrigerant | Verify cooling and gas pressure,copper joint,6200,3.0,Medium,False,3,0,Found low refrigerant due to gas leak. Perform a pressure and leak test. Tested after repair; operating normally.,resolved,seed
MR-0137,2025-09-05,FA-004,Fire alarm system,"Block C, 3rd floor",housekeeping supervisor,"Urgent - Fire alarm went off with no smoke, also fire alarm panel beeping repeatedly at Block C, 3rd floor.",Dirty smoke detector causing false alarms,Identify the zone on the panel | Clean or replace the smoke detector | Reset the zone and test it,smoke detector,750,2.0,High,True,1,1,Found dirty smoke detector causing false alarms. Identify the zone on the panel. Recurring issue - 1 similar failure(s) earlier on this asset. Unit monitored for an hour after repair; no issues.,resolved,seed
MR-0138,2025-09-11,AC-002,Air conditioner,"Block A, 2nd floor",faculty member,"Weak airflow from the AC vents, also AC takes hours to cool the room, started yesterday.",Clogged air filter and dirty evaporator coil,Switch off and isolate the unit | Remove and wash or replace the air filter | Clean the evaporator coil with coil cleaner | Check airflow and run a cooling test,air filter,1350,1.5,Low,False,5,0,Found clogged air filter and dirty evaporator coil. Switch off and isolate the unit. Closed after a successful test run.,resolved,seed
MR-0139,2025-09-15,PUMP-002,Water pump,Hostel 1 pump room,faculty member,Hostel 1 pump room: Pressure dropping in the overhead tank supply. Please check.,Worn mechanical seal and loose pipe joints,Replace the mechanical seal | Tighten and reseal pipe joints | Check the pressure gauge,gasket,2150,2.5,Low,False,2,0,Found worn mechanical seal and loose pipe joints. Replace the mechanical seal. Unit monitored for an hour after repair; no issues.,resolved,seed
MR-0141,2025-09-16,PRJ-007,Projector,"Block C, 2nd floor",admin staff,"Complaint from housekeeping supervisor: No signal on the projector from the laptop (Block C, 2nd floor).",Faulty HDMI cable or input port,Swap the HDMI cable | Test other input ports | Replace the cable or port board,HDMI cable,750,1.0,Low,False,2,2,Found faulty HDMI cable or input port. Swap the HDMI cable. Recurring issue - 2 similar failure(s) earlier on this asset. Tested after repair; operating normally.,resolved,seed
MR-0143,2025-09-22,AC-011,Air conditioner,"Lab Complex, 3rd floor",security guard,"Complaint from admin staff: Water leaking from the indoor AC unit (Lab Complex, 3rd floor).",Blocked condensate drain line,Flush the drain line with air or water | Clear the blockage and clean the drain tray | Re-level the indoor unit | Run the unit and confirm no leakage,drain pipe,400,1.0,Low,False,1,0,Found blocked condensate drain line. Flush the drain line with air or water. Verified operation with the user before closing the ticket.,resolved,seed
MR-0144,2025-09-22,PRJ-001,Projector,"Block A, 2nd floor",student,"Block A, 2nd floor: Projector showing lamp warning. Please check.",Projector lamp near end of life with dust in vents,Clean the air filter and vents | Replace the projector lamp | Reset the lamp timer,projector lamp,4100,1.5,Low,False,1,1,Found projector lamp near end of life with dust in vents. Clean the air filter and vents. Recurring issue - 1 similar failure(s) earlier on this asset. Tested after repair; operating normally.,resolved,seed
MR-0145,2025-09-24,PL-004,Plumbing,"Hostel 3, 2nd floor",housekeeping supervisor,Washroom drain overflowing.,Blocked drain line,Rod or jet the drain line | Clear the blockage and clean the trap | Flush with clean water,drain cleaner,1000,1.0,Medium,False,1,1,Found blocked drain line. Rod or jet the drain line. Recurring issue - 1 similar failure(s) earlier on this asset. Unit monitored for an hour after repair; no issues.,resolved,seed
MR-0146,2025-09-24,PUMP-001,Water pump,Block A pump room,security guard,"Motor running but no water lift near Block A pump room, started last night.",Loss of prime and leaking foot valve,Stop the pump and re-prime it | Inspect and replace the foot valve | Check the suction pipe for air leaks | Run the pump and confirm tank filling,foot valve,2350,1.0,Medium,False,0,0,Found loss of prime and leaking foot valve. Stop the pump and re-prime it. Verified operation with the user before closing the ticket.,resolved,seed
MR-0148,2025-09-28,RO-002,Water purifier,"Admin Building, 1st floor",housekeeping supervisor,"Complaint from admin staff: Water is at room temperature (Admin Building, 1st floor).",Cooling unit failure in the water cooler,Check thermostat and compressor | Recharge gas or replace the thermostat | Test the cooling cycle,"refrigerant gas, thermostat",2800,2.0,Low,False,3,2,Found cooling unit failure in the water cooler. Check thermostat and compressor. Recurring issue - 2 similar failure(s) earlier on this asset. Tested after repair; operating normally.,resolved,seed
MR-0150,2025-10-05,RO-004,Water purifier,"Hostel 2, 2nd floor",faculty member,"Water is at room temperature, also water cooler not cooling. Happening since the past few hours. Location: Hostel 2, 2nd floor.",Cooling unit failure in the water cooler,Check thermostat and compressor | Recharge gas or replace the thermostat | Test the cooling cycle,thermostat,750,1.5,Low,False,1,0,Found cooling unit failure in the water cooler. Check thermostat and compressor. Verified operation with the user before closing the ticket.,resolved,seed
MR-0151,2025-10-05,LT-001,Lighting,"Block D, 1st floor",hostel warden,"Street lights staying on during the day. Happening since the past few hours. Location: Block D, 1st floor.",Faulty timer or photocell controller,Check timer settings and supply | Replace the photocell or timer | Test for two cycles,timer relay,750,2.0,Low,False,5,3,Found faulty timer or photocell controller. Check timer settings and supply. Recurring issue - 3 similar failure(s) earlier on this asset. Tested after repair; operating normally.,resolved,seed
MR-0152,2025-10-05,PL-003,Plumbing,"Hostel 3, Ground floor",admin staff,"Tap dripping continuously in Hostel 3, Ground floor.",Worn tap washer or faulty flush valve,Replace the tap washer or cartridge | Replace the flush valve or float | Check for leaks,"tap washer, flush valve",500,0.5,Low,False,0,0,Found worn tap washer or faulty flush valve. Replace the tap washer or cartridge. Unit monitored for an hour after repair; no issues.,resolved,seed
MR-0153,2025-10-06,EP-004,Electrical panel,"Block B, 1st floor",housekeeping supervisor,"Breaker trips every afternoon near Block B, 1st floor, started two days ago.",Overloaded circuit causing MCB trips,Measure the load on each phase | Redistribute the load across circuits | Replace the weak MCB if needed | Monitor for 24 hours,MCB,2350,1.0,High,True,3,1,Found overloaded circuit causing MCB trips. Measure the load on each phase. Recurring issue - 1 similar failure(s) earlier on this asset. Closed after a successful test run.,resolved,seed
MR-0155,2025-10-19,PRJ-003,Projector,"Block B, 1st floor",lab assistant,"Projector shows a pink or green tint in Block B, 1st floor.",Faulty HDMI cable or input port,Swap the HDMI cable | Test other input ports | Replace the cable or port board,HDMI cable,1250,1.5,Low,False,0,0,Found faulty HDMI cable or input port. Swap the HDMI cable. Unit monitored for an hour after repair; no issues.,resolved,seed
MR-0156,2025-10-22,PUMP-002,Water pump,Hostel 1 pump room,faculty member,"Overhead tank not filling near Hostel 1 pump room, started two days ago.",Loss of prime and leaking foot valve,Stop the pump and re-prime it | Inspect and replace the foot valve | Check the suction pipe for air leaks | Run the pump and confirm tank filling,foot valve,1250,1.5,Medium,False,3,2,Found loss of prime and leaking foot valve. Stop the pump and re-prime it. Recurring issue - 2 similar failure(s) earlier on this asset. Closed after a successful test run.,resolved,seed
MR-0157,2025-10-25,LIFT-001,Elevator,Block A lift 1,admin staff,Lift display blank and not moving.,Controller board fault or overload trip,Check the MCB and main supply | Inspect controller board and relays | Reset or replace the controller board | Full safety-circuit test before release,controller board,5150,5.0,Critical,True,3,0,Found controller board fault or overload trip. Check the MCB and main supply. Unit monitored for an hour after repair; no issues.,resolved,seed
MR-0158,2025-10-27,UPS-001,UPS,"Lab Complex, Ground floor",student,"Complaint from faculty member: UPS switches to bypass repeatedly (Lab Complex, Ground floor).",Inverter overload and faulty inverter board,Measure the connected load | Reduce load or shift equipment to another UPS | Inspect and replace the inverter board if faulty,inverter board,4650,4.0,Medium,False,5,2,Found inverter overload and faulty inverter board. Measure the connected load. Recurring issue - 2 similar failure(s) earlier on this asset. Verified operation with the user before closing the ticket.,resolved,seed
MR-0159,2025-10-28,FA-001,Fire alarm system,"Block D, Ground floor",security guard,"Block D, Ground floor: Fire panel showing a battery fault. Please check.",Panel backup battery fault,Test the backup battery | Replace the battery | Verify the panel on mains and battery,12V sealed battery,3100,1.5,High,True,2,1,Found panel backup battery fault. Test the backup battery. Recurring issue - 1 similar failure(s) earlier on this asset. Closed after a successful test run.,resolved,seed
MR-0160,2025-10-29,AC-005,Air conditioner,"Hostel 3, Ground floor",student,"Hostel 3, Ground floor: AC cooling has slowly reduced over weeks, also AC not cooling even though the compressor is running. Please check.",Low refrigerant due to gas leak,Perform a pressure and leak test | Seal or weld the leaking joint | Vacuum the line and recharge refrigerant | Verify cooling and gas pressure,copper joint,3650,2.5,Medium,False,1,0,Found low refrigerant due to gas leak. Perform a pressure and leak test. Tested after repair; operating normally.,resolved,seed
MR-0162,2025-11-01,EP-001,Electrical panel,"Block D, Ground floor",faculty member,"Block D, Ground floor: Mild shock felt on a metal equipment body, also earth leakage breaker keeps tripping. Please check.",Earth leakage causing RCCB trips,Perform an insulation resistance test | Locate and fix the leakage or earthing fault | Replace the RCCB if defective | Verify earth resistance,"earthing wire, RCCB",1800,2.0,Critical,True,1,0,Found earth leakage causing RCCB trips. Perform an insulation resistance test. Verified operation with the user before closing the ticket.,resolved,seed
MR-0164,2025-11-08,PL-007,Plumbing,"Auditorium, 1st floor",student,"Complaint from housekeeping supervisor: Wet patch on the wall near the washroom, also water dripping from a pipe in the ceiling (Auditorium, 1st floor).",Leaking pipe joint or fitting,Close the local water supply | Locate the leak and replace the fitting | Repair the damaged plaster and waterproofing | Pressure test the line,"pipe fitting, sealant",2600,3.5,Medium,False,3,1,Found leaking pipe joint or fitting. Close the local water supply. Recurring issue - 1 similar failure(s) earlier on this asset. Closed after a successful test run.,resolved,seed
MR-0165,2025-11-09,PL-004,Plumbing,"Hostel 3, 2nd floor",faculty member,"Water leaking from the ceiling, also water dripping from a pipe in the ceiling in Hostel 3, 2nd floor.",Leaking pipe joint or fitting,Close the local water supply | Locate the leak and replace the fitting | Repair the damaged plaster and waterproofing | Pressure test the line,"pipe fitting, sealant",5000,1.5,Medium,False,2,0,Found leaking pipe joint or fitting. Close the local water supply. Verified operation with the user before closing the ticket.,resolved,seed
MR-0166,2025-11-10,LIFT-001,Elevator,Block A lift 1,housekeeping supervisor,"Step at the lift entrance on some floors, also lift stops slightly above the floor level near Block A lift 1, started last week.",Leveling sensor drift and brake wear,Recalibrate the leveling sensor | Inspect brake pads and brake gap | Adjust or replace worn brake pads | Run test trips on all floors,"leveling sensor, brake pads",2200,3.5,High,True,4,2,Found leveling sensor drift and brake wear. Recalibrate the leveling sensor. Recurring issue - 2 similar failure(s) earlier on this asset. Closed after a successful test run.,resolved,seed
MR-0167,2025-11-13,AC-014,Air conditioner,"Sports Complex, Ground floor",lab assistant,"AC trips and does not start, also AC compressor not starting.",Failed compressor run capacitor,Isolate power and discharge the capacitor | Test capacitor value with a multimeter | Replace the run capacitor | Check compressor amperage after restart,run capacitor,1650,2.0,High,False,4,1,Found failed compressor run capacitor. Isolate power and discharge the capacitor. Recurring issue - 1 similar failure(s) earlier on this asset. Verified operation with the user before closing the ticket.,resolved,seed
MR-0169,2025-11-18,PUMP-004,Water pump,Main sump,security guard,Complaint from lab assistant: Pressure dropping in the overhead tank supply (Main sump).,Worn mechanical seal and loose pipe joints,Replace the mechanical seal | Tighten and reseal pipe joints | Check the pressure gauge,"mechanical seal, gasket",1450,1.5,Low,False,2,1,Found worn mechanical seal and loose pipe joints. Replace the mechanical seal. Recurring issue - 1 similar failure(s) earlier on this asset. Unit monitored for an hour after repair; no issues.,resolved,seed
MR-0170,2025-12-02,DG-003,Diesel generator,Admin Building basement,faculty member,Admin Building basement: Steam coming from the generator radiator. Please check.,Coolant loss and radiator blockage causing overheating,Let the engine cool down and inspect for leaks | Refill coolant and replace the leaking hose or thermostat | Clean the radiator fins | Run a temperature test on load,coolant,3500,2.5,High,False,7,3,Found coolant loss and radiator blockage causing overheating. Let the engine cool down and inspect for leaks. Recurring issue - 3 similar failure(s) earlier on this asset. Unit monitored for an hour after repair; no issues.,resolved,seed
MR-0171,2025-12-03,RO-005,Water purifier,"Cafeteria, Ground floor",housekeeping supervisor,"Cafeteria, Ground floor: Water purifier giving low flow. Please check.",Clogged sediment filter and fouled RO membrane,Replace the sediment and carbon filters | Flush or replace the RO membrane | Test TDS after service,sediment filter,2900,2.0,Low,False,1,1,Found clogged sediment filter and fouled RO membrane. Replace the sediment and carbon filters. Recurring issue - 1 similar failure(s) earlier on this asset. Tested after repair; operating normally.,resolved,seed
MR-0172,2025-12-04,PRJ-007,Projector,"Block C, 2nd floor",student,"Block C, 2nd floor: Projector shuts down after 10 minutes, also projector showing lamp warning. Please check.",Projector lamp near end of life with dust in vents,Clean the air filter and vents | Replace the projector lamp | Reset the lamp timer,projector lamp,3650,1.0,Low,False,3,0,Found projector lamp near end of life with dust in vents. Clean the air filter and vents. Unit monitored for an hour after repair; no issues.,resolved,seed
MR-0173,2025-12-07,EP-003,Electrical panel,"Sports Complex, 2nd floor",hostel warden,"RCCB trips during rain near Sports Complex, 2nd floor, started last week.",Earth leakage causing RCCB trips,Perform an insulation resistance test | Locate and fix the leakage or earthing fault | Replace the RCCB if defective | Verify earth resistance,RCCB,2000,2.5,Critical,True,3,1,Found earth leakage causing RCCB trips. Perform an insulation resistance test. Recurring issue - 1 similar failure(s) earlier on this asset. Tested after repair; operating normally.,resolved,seed
MR-0174,2025-12-08,PUMP-004,Water pump,Main sump,faculty member,"Motor running but no water lift, also water pump running but no water reaching the tank.",Loss of prime and leaking foot valve,Stop the pump and re-prime it | Inspect and replace the foot valve | Check the suction pipe for air leaks | Run the pump and confirm tank filling,foot valve,1650,1.5,Medium,False,3,0,Found loss of prime and leaking foot valve. Stop the pump and re-prime it. Unit monitored for an hour after repair; no issues.,resolved,seed
MR-0175,2025-12-09,EP-002,Electrical panel,"Block A, 1st floor",hostel warden,Flickering power with a crackling sound. Reported by housekeeping supervisor.,Loose terminal connection causing overheating,"Isolate the supply immediately | Tighten all terminal connections | Replace burnt MCB, wire or socket | Thermal-scan the board after repair","MCB, wire",1750,2.0,Critical,True,1,0,Found loose terminal connection causing overheating. Isolate the supply immediately. Unit monitored for an hour after repair; no issues.,resolved,seed
MR-0176,2025-12-11,AC-014,Air conditioner,"Sports Complex, Ground floor",security guard,"Hissing sound near the outdoor unit and no cooling near Sports Complex, Ground floor, started this morning.",Low refrigerant due to gas leak,Perform a pressure and leak test | Seal or weld the leaking joint | Vacuum the line and recharge refrigerant | Verify cooling and gas pressure,"refrigerant gas, copper joint",5200,4.0,Medium,False,5,0,Found low refrigerant due to gas leak. Perform a pressure and leak test. Verified operation with the user before closing the ticket.,resolved,seed
MR-0177,2025-12-12,CCTV-004,CCTV system,Hostel 1 corridor,admin staff,Hostel 1 corridor: NVR beeping continuously. Please check.,Recorder hard disk failure,Check the disk status on the NVR | Replace the failed hard disk | Format and confirm recording,surveillance hard disk,4000,2.0,Medium,False,6,1,Found recorder hard disk failure. Check the disk status on the NVR. Recurring issue - 1 similar failure(s) earlier on this asset. Verified operation with the user before closing the ticket.,resolved,seed
MR-0178,2025-12-19,DG-003,Diesel generator,Admin Building basement,housekeeping supervisor,Admin Building basement: Generator auto start not working during the outage. Please check.,Weak or dead starter battery,Test battery voltage and load | Replace the starter battery | Check charging alternator and terminals | Do a start test on load,12V battery,5300,1.0,High,False,8,2,Found weak or dead starter battery. Test battery voltage and load. Recurring issue - 2 similar failure(s) earlier on this asset. Tested after repair; operating normally.,resolved,seed
MR-0179,2025-12-21,FA-001,Fire alarm system,"Block D, Ground floor",faculty member,"Fire alarm went off with no smoke, started this morning.",Dirty smoke detector causing false alarms,Identify the zone on the panel | Clean or replace the smoke detector | Reset the zone and test it,smoke detector,1850,1.0,High,True,3,1,Found dirty smoke detector causing false alarms. Identify the zone on the panel. Recurring issue - 1 similar failure(s) earlier on this asset. Tested after repair; operating normally.,resolved,seed
MR-0180,2025-12-21,PL-007,Plumbing,"Auditorium, 1st floor",housekeeping supervisor,"Complaint from housekeeping supervisor: Water dripping from a pipe in the ceiling (Auditorium, 1st floor).",Leaking pipe joint or fitting,Close the local water supply | Locate the leak and replace the fitting | Repair the damaged plaster and waterproofing | Pressure test the line,pipe fitting,1850,2.0,Medium,False,4,2,Found leaking pipe joint or fitting. Close the local water supply. Recurring issue - 2 similar failure(s) earlier on this asset. Closed after a successful test run.,resolved,seed
MR-0181,2025-12-24,PUMP-004,Water pump,Main sump,faculty member,Burning smell from the pump motor in Main sump.,Burnt motor winding or failed starting capacitor,Isolate power and test winding resistance | Replace the starting capacitor or rewind the motor | Check insulation resistance | Test run and check current draw,"motor winding, capacitor",4750,4.5,High,False,4,1,Found burnt motor winding or failed starting capacitor. Isolate power and test winding resistance. Recurring issue - 1 similar failure(s) earlier on this asset. Tested after repair; operating normally.,resolved,seed
MR-0182,2025-12-26,PRJ-001,Projector,"Block A, 2nd floor",hostel warden,"Projector showing lamp warning, also projector image is dim and turns off near Block A, 2nd floor, started last week.",Projector lamp near end of life with dust in vents,Clean the air filter and vents | Replace the projector lamp | Reset the lamp timer,projector lamp,4450,1.0,Low,False,2,2,Found projector lamp near end of life with dust in vents. Clean the air filter and vents. Recurring issue - 2 similar failure(s) earlier on this asset. Closed after a successful test run.,resolved,seed
MR-0183,2025-12-29,EP-004,Electrical panel,"Block B, 1st floor",student,"Complaint from hostel warden: Flickering power with a crackling sound (Block B, 1st floor).",Loose terminal connection causing overheating,"Isolate the supply immediately | Tighten all terminal connections | Replace burnt MCB, wire or socket | Thermal-scan the board after repair",wire,4250,2.5,Critical,True,4,1,Found loose terminal connection causing overheating. Isolate the supply immediately. Recurring issue - 1 similar failure(s) earlier on this asset. Closed after a successful test run.,resolved,seed
MR-0184,2025-12-30,PL-008,Plumbing,"Cafeteria, Ground floor",hostel warden,"Washroom drain overflowing, also water not draining from the floor trap, started two days ago.",Blocked drain line,Rod or jet the drain line | Clear the blockage and clean the trap | Flush with clean water,drain cleaner,2050,2.0,Medium,False,2,0,Found blocked drain line. Rod or jet the drain line. Closed after a successful test run.,resolved,seed
MR-0185,2026-01-02,DG-003,Diesel generator,Admin Building basement,faculty member,"Generator stalls under load, started two days ago.",Clogged fuel filter and air lock in fuel line,Replace the fuel filter | Bleed air from the fuel line | Drain water from the fuel separator and check fuel quality | Run the set on load for 30 minutes,fuel filter,1300,2.0,High,False,9,0,Found clogged fuel filter and air lock in fuel line. Replace the fuel filter. Unit monitored for an hour after repair; no issues.,resolved,seed
MR-0186,2026-01-03,PRJ-004,Projector,"Hostel 2, 2nd floor",hostel warden,"Projector shows a pink or green tint in Hostel 2, 2nd floor.",Faulty HDMI cable or input port,Swap the HDMI cable | Test other input ports | Replace the cable or port board,HDMI cable,1250,1.0,Low,False,3,1,Found faulty HDMI cable or input port. Swap the HDMI cable. Recurring issue - 1 similar failure(s) earlier on this asset. Unit monitored for an hour after repair; no issues.,resolved,seed
MR-0187,2026-01-04,PRJ-008,Projector,"Block C, 1st floor",student,"Projector showing lamp warning, also projector shuts down after 10 minutes, started last night.",Projector lamp near end of life with dust in vents,Clean the air filter and vents | Replace the projector lamp | Reset the lamp timer,projector lamp,4450,1.5,Low,False,2,2,Found projector lamp near end of life with dust in vents. Clean the air filter and vents. Recurring issue - 2 similar failure(s) earlier on this asset. Verified operation with the user before closing the ticket.,resolved,seed
MR-0188,2026-01-07,RO-001,Water purifier,"Block D, 1st floor",student,"Cooler compressor noisy near Block D, 1st floor, started the past few hours.",Cooling unit failure in the water cooler,Check thermostat and compressor | Recharge gas or replace the thermostat | Test the cooling cycle,thermostat,3850,2.0,Low,False,4,1,Found cooling unit failure in the water cooler. Check thermostat and compressor. Recurring issue - 1 similar failure(s) earlier on this asset. Tested after repair; operating normally.,resolved,seed
MR-0189,2026-01-12,PRJ-002,Projector,"Auditorium, 2nd floor",hostel warden,"Complaint from faculty member: Projector image is dim and turns off (Auditorium, 2nd floor).",Projector lamp near end of life with dust in vents,Clean the air filter and vents | Replace the projector lamp | Reset the lamp timer,projector lamp,7900,1.5,Low,False,2,1,Found projector lamp near end of life with dust in vents. Clean the air filter and vents. Recurring issue - 1 similar failure(s) earlier on this asset. Verified operation with the user before closing the ticket.,resolved,seed
MR-0190,2026-01-16,PUMP-004,Water pump,Main sump,faculty member,Pump making noise but no water. Reported by student.,Loss of prime and leaking foot valve,Stop the pump and re-prime it | Inspect and replace the foot valve | Check the suction pipe for air leaks | Run the pump and confirm tank filling,foot valve,2050,1.5,Medium,False,5,1,Found loss of prime and leaking foot valve. Stop the pump and re-prime it. Recurring issue - 1 similar failure(s) earlier on this asset. Tested after repair; operating normally.,resolved,seed
MR-0192,2026-01-17,LIFT-005,Elevator,Admin Building lift,security guard,"Lift door makes a grinding noise, also lift stuck with the door open. Happening since last week. Location: Admin Building lift.",Dirty door track and misaligned door sensor,Clean the door sill and track | Realign the door sensor | Lubricate door rollers | Test door cycle 10 times,"door sensor, door roller",1650,3.0,Medium,False,6,2,Found dirty door track and misaligned door sensor. Clean the door sill and track. Recurring issue - 2 similar failure(s) earlier on this asset. Unit monitored for an hour after repair; no issues.,resolved,seed
MR-0193,2026-01-22,EP-005,Electrical panel,"Block B, 3rd floor",admin staff,"Earth leakage breaker keeps tripping, also mild shock felt on a metal equipment body. Happening since two days ago. Location: Block B, 3rd floor.",Earth leakage causing RCCB trips,Perform an insulation resistance test | Locate and fix the leakage or earthing fault | Replace the RCCB if defective | Verify earth resistance,"earthing wire, RCCB",3550,3.5,Critical,True,3,2,Found earth leakage causing RCCB trips. Perform an insulation resistance test. Recurring issue - 2 similar failure(s) earlier on this asset. Unit monitored for an hour after repair; no issues.,resolved,seed
MR-0194,2026-01-24,UPS-005,UPS,"Auditorium, 2nd floor",hostel warden,"Complaint from housekeeping supervisor: UPS battery swollen or hot (Auditorium, 2nd floor).",Degraded battery bank,Run a battery discharge test | Replace the battery bank | Recalibrate battery runtime | Test backup on full load,UPS battery set,16600,3.0,Medium,False,1,0,Found degraded battery bank. Run a battery discharge test. Verified operation with the user before closing the ticket.,resolved,seed
MR-0195,2026-01-24,LIFT-001,Elevator,Block A lift 1,admin staff,Block A lift 1: Lift power keeps tripping. Please check.,Controller board fault or overload trip,Check the MCB and main supply | Inspect controller board and relays | Reset or replace the controller board | Full safety-circuit test before release,relay,19200,5.0,Critical,True,5,1,Found controller board fault or overload trip. Check the MCB and main supply. Recurring issue - 1 similar failure(s) earlier on this asset. Closed after a successful test run.,resolved,seed
MR-0197,2026-01-26,PRJ-004,Projector,"Hostel 2, 2nd floor",admin staff,"Projector shuts down after 10 minutes near Hostel 2, 2nd floor, started this morning.",Projector lamp near end of life with dust in vents,Clean the air filter and vents | Replace the projector lamp | Reset the lamp timer,projector lamp,8750,1.5,Low,False,4,2,Found projector lamp near end of life with dust in vents. Clean the air filter and vents. Recurring issue - 2 similar failure(s) earlier on this asset. Closed after a successful test run.,resolved,seed
MR-0198,2026-01-27,DG-002,Diesel generator,Hostel power room,lab assistant,"Generator auto start not working during the outage, also generator only clicks when started in Hostel power room.",Weak or dead starter battery,Test battery voltage and load | Replace the starter battery | Check charging alternator and terminals | Do a start test on load,12V battery,4800,1.5,High,False,3,1,Found weak or dead starter battery. Test battery voltage and load. Recurring issue - 1 similar failure(s) earlier on this asset. Unit monitored for an hour after repair; no issues.,resolved,seed
MR-0199,2026-01-30,DG-002,Diesel generator,Hostel power room,housekeeping supervisor,"High temperature alarm on the DG panel, also coolant leaking under the generator near Hostel power room, started two days ago.",Coolant loss and radiator blockage causing overheating,Let the engine cool down and inspect for leaks | Refill coolant and replace the leaking hose or thermostat | Clean the radiator fins | Run a temperature test on load,thermostat,2050,4.0,High,False,4,0,Found coolant loss and radiator blockage causing overheating. Let the engine cool down and inspect for leaks. Verified operation with the user before closing the ticket.,resolved,seed
MR-0200,2026-01-30,EP-006,Electrical panel,"Library, 3rd floor",student,"Sparking near the switch board. Happening since the past few hours. Location: Library, 3rd floor.",Loose terminal connection causing overheating,"Isolate the supply immediately | Tighten all terminal connections | Replace burnt MCB, wire or socket | Thermal-scan the board after repair","socket, wire, MCB",4550,2.5,Critical,True,2,0,Found loose terminal connection causing overheating. Isolate the supply immediately. Verified operation with the user before closing the ticket.,resolved,seed
MR-0201,2026-01-31,LIFT-005,Elevator,Admin Building lift,lab assistant,"Lift power keeps tripping, also lift display blank and not moving in Admin Building lift.",Controller board fault or overload trip,Check the MCB and main supply | Inspect controller board and relays | Reset or replace the controller board | Full safety-circuit test before release,relay,16250,6.0,Critical,True,7,2,Found controller board fault or overload trip. Check the MCB and main supply. Recurring issue - 2 similar failure(s) earlier on this asset. Closed after a successful test run.,resolved,seed
MR-0202,2026-02-02,LIFT-004,Elevator,Hostel 2 lift,lab assistant,Lift door makes a grinding noise. Reported by faculty member.,Dirty door track and misaligned door sensor,Clean the door sill and track | Realign the door sensor | Lubricate door rollers | Test door cycle 10 times,"door roller, door sensor",4450,3.0,Medium,False,1,0,Found dirty door track and misaligned door sensor. Clean the door sill and track. Unit monitored for an hour after repair; no issues.,resolved,seed
MR-0203,2026-02-04,PL-008,Plumbing,"Cafeteria, Ground floor",hostel warden,"Tap dripping continuously, also flush running all the time. Happening since the past few hours. Location: Cafeteria, Ground floor.",Worn tap washer or faulty flush valve,Replace the tap washer or cartridge | Replace the flush valve or float | Check for leaks,tap washer,650,1.0,Low,False,4,0,Found worn tap washer or faulty flush valve. Replace the tap washer or cartridge. Unit monitored for an hour after repair; no issues.,resolved,seed
MR-0204,2026-02-11,PL-004,Plumbing,"Hostel 3, 2nd floor",security guard,"Water dripping from a pipe in the ceiling near Hostel 3, 2nd floor, started the past few hours.",Leaking pipe joint or fitting,Close the local water supply | Locate the leak and replace the fitting | Repair the damaged plaster and waterproofing | Pressure test the line,sealant,3750,1.5,Medium,False,3,1,Found leaking pipe joint or fitting. Close the local water supply. Recurring issue - 1 similar failure(s) earlier on this asset. Unit monitored for an hour after repair; no issues.,resolved,seed
MR-0205,2026-02-21,LIFT-003,Elevator,Library lift,admin staff,"Step at the lift entrance on some floors near Library lift, started this morning.",Leveling sensor drift and brake wear,Recalibrate the leveling sensor | Inspect brake pads and brake gap | Adjust or replace worn brake pads | Run test trips on all floors,leveling sensor,2600,2.5,High,True,2,0,Found leveling sensor drift and brake wear. Recalibrate the leveling sensor. Closed after a successful test run.,resolved,seed
MR-0206,2026-02-27,FA-001,Fire alarm system,"Block D, Ground floor",admin staff,"Block D, Ground floor: Fire alarm panel beeping repeatedly. Please check.",Dirty smoke detector causing false alarms,Identify the zone on the panel | Clean or replace the smoke detector | Reset the zone and test it,smoke detector,2350,1.5,High,True,4,2,Found dirty smoke detector causing false alarms. Identify the zone on the panel. Recurring issue - 2 similar failure(s) earlier on this asset. Unit monitored for an hour after repair; no issues.,resolved,seed
MR-0207,2026-03-01,PUMP-004,Water pump,Main sump,lab assistant,"Pressure dropping in the overhead tank supply, also water dripping near the pump shaft near Main sump, started yesterday.",Worn mechanical seal and loose pipe joints,Replace the mechanical seal | Tighten and reseal pipe joints | Check the pressure gauge,gasket,2750,2.0,Low,False,6,2,Found worn mechanical seal and loose pipe joints. Replace the mechanical seal. Recurring issue - 2 similar failure(s) earlier on this asset. Unit monitored for an hour after repair; no issues.,resolved,seed
MR-0208,2026-03-07,FA-002,Fire alarm system,"Block B, 3rd floor",student,"Fire panel showing a battery fault, also fire panel not holding charge near Block B, 3rd floor, started this morning.",Panel backup battery fault,Test the backup battery | Replace the battery | Verify the panel on mains and battery,12V sealed battery,2600,1.5,High,True,1,1,Found panel backup battery fault. Test the backup battery. Recurring issue - 1 similar failure(s) earlier on this asset. Closed after a successful test run.,resolved,seed
MR-0209,2026-03-12,RO-001,Water purifier,"Block D, 1st floor",security guard,"Complaint from lab assistant: Water purifier giving low flow (Block D, 1st floor).",Clogged sediment filter and fouled RO membrane,Replace the sediment and carbon filters | Flush or replace the RO membrane | Test TDS after service,"sediment filter, RO membrane",2850,1.0,Low,False,5,3,Found clogged sediment filter and fouled RO membrane. Replace the sediment and carbon filters. Recurring issue - 3 similar failure(s) earlier on this asset. Tested after repair; operating normally.,resolved,seed
MR-0210,2026-03-13,FA-001,Fire alarm system,"Block D, Ground floor",hostel warden,"Complaint from security guard: Fire alarm went off with no smoke (Block D, Ground floor).",Dirty smoke detector causing false alarms,Identify the zone on the panel | Clean or replace the smoke detector | Reset the zone and test it,smoke detector,600,1.0,High,True,5,3,Found dirty smoke detector causing false alarms. Identify the zone on the panel. Recurring issue - 3 similar failure(s) earlier on this asset. Tested after repair; operating normally.,resolved,seed
MR-0211,2026-03-17,LT-006,Lighting,"Sports Complex, 3rd floor",faculty member,"Sports Complex, 3rd floor: Lights buzzing and flickering. Please check.",Failed LED driver or ballast,Test the driver output | Replace the driver or ballast | Confirm stable lighting,ballast,600,0.5,Low,False,2,2,Found failed LED driver or ballast. Test the driver output. Recurring issue - 2 similar failure(s) earlier on this asset. Unit monitored for an hour after repair; no issues.,resolved,seed
MR-0212,2026-03-19,LT-005,Lighting,"Hostel 3, 1st floor",hostel warden,"Tube lights flickering in the corridor, also LED panel not turning on near Hostel 3, 1st floor, started last week.",Failed LED driver or ballast,Test the driver output | Replace the driver or ballast | Confirm stable lighting,"ballast, LED driver",650,1.5,Low,False,1,0,Found failed LED driver or ballast. Test the driver output. Unit monitored for an hour after repair; no issues.,resolved,seed
MR-0213,2026-03-20,LT-002,Lighting,"Hostel 1, 3rd floor",housekeeping supervisor,"Hostel 1, 3rd floor: Street lights staying on during the day, also corridor lights not switching on at night. Please check.",Faulty timer or photocell controller,Check timer settings and supply | Replace the photocell or timer | Test for two cycles,photocell,1700,1.0,Low,False,0,0,Found faulty timer or photocell controller. Check timer settings and supply. Unit monitored for an hour after repair; no issues.,resolved,seed
MR-0214,2026-03-21,EP-003,Electrical panel,"Sports Complex, 2nd floor",admin staff,"MCB keeps tripping in the lab near Sports Complex, 2nd floor, started last night.",Overloaded circuit causing MCB trips,Measure the load on each phase | Redistribute the load across circuits | Replace the weak MCB if needed | Monitor for 24 hours,MCB,2150,2.5,High,True,4,1,Found overloaded circuit causing MCB trips. Measure the load on each phase. Recurring issue - 1 similar failure(s) earlier on this asset. Unit monitored for an hour after repair; no issues.,resolved,seed
MR-0215,2026-03-26,DG-001,Diesel generator,Main power house,faculty member,Steam coming from the generator radiator. Happening since last week. Location: Main power house.,Coolant loss and radiator blockage causing overheating,Let the engine cool down and inspect for leaks | Refill coolant and replace the leaking hose or thermostat | Clean the radiator fins | Run a temperature test on load,"thermostat, coolant",3250,3.5,High,False,3,0,Found coolant loss and radiator blockage causing overheating. Let the engine cool down and inspect for leaks. Tested after repair; operating normally.,resolved,seed
MR-0217,2026-03-27,PRJ-006,Projector,"Auditorium, 3rd floor",lab assistant,"Projector image is dim and turns off, also projector showing lamp warning. Happening since the past few hours. Location: Auditorium, 3rd floor.",Projector lamp near end of life with dust in vents,Clean the air filter and vents | Replace the projector lamp | Reset the lamp timer,projector lamp,7050,1.5,Low,False,3,2,Found projector lamp near end of life with dust in vents. Clean the air filter and vents. Recurring issue - 2 similar failure(s) earlier on this asset. Tested after repair; operating normally.,resolved,seed
MR-0218,2026-03-28,FA-001,Fire alarm system,"Block D, Ground floor",student,"Fire panel showing a battery fault in Block D, Ground floor.",Panel backup battery fault,Test the backup battery | Replace the battery | Verify the panel on mains and battery,12V sealed battery,4650,2.0,High,True,6,2,Found panel backup battery fault. Test the backup battery. Recurring issue - 2 similar failure(s) earlier on this asset. Tested after repair; operating normally.,resolved,seed
MR-0219,2026-03-29,DG-001,Diesel generator,Main power house,hostel warden,Generator not starting when the power cut happened. Happening since last night. Location: Main power house.,Weak or dead starter battery,Test battery voltage and load | Replace the starter battery | Check charging alternator and terminals | Do a start test on load,12V battery,8950,1.5,High,False,4,2,Found weak or dead starter battery. Test battery voltage and load. Recurring issue - 2 similar failure(s) earlier on this asset. Closed after a successful test run.,resolved,seed
MR-0220,2026-03-31,LT-001,Lighting,"Block D, 1st floor",faculty member,"Tube lights flickering in the corridor, also lights buzzing and flickering. Happening since two days ago. Location: Block D, 1st floor.",Failed LED driver or ballast,Test the driver output | Replace the driver or ballast | Confirm stable lighting,"LED driver, ballast",1300,1.5,Low,False,6,2,Found failed LED driver or ballast. Test the driver output. Recurring issue - 2 similar failure(s) earlier on this asset. Closed after a successful test run.,resolved,seed
MR-0222,2026-04-07,LIFT-005,Elevator,Admin Building lift,lab assistant,Admin Building lift: Lift jerks when stopping. Please check.,Leveling sensor drift and brake wear,Recalibrate the leveling sensor | Inspect brake pads and brake gap | Adjust or replace worn brake pads | Run test trips on all floors,brake pads,6200,2.0,High,True,8,2,Found leveling sensor drift and brake wear. Recalibrate the leveling sensor. Recurring issue - 2 similar failure(s) earlier on this asset. Closed after a successful test run.,resolved,seed
MR-0223,2026-04-11,EP-006,Electrical panel,"Library, 3rd floor",faculty member,"Library, 3rd floor: Lights go off when the AC starts. Please check.",Overloaded circuit causing MCB trips,Measure the load on each phase | Redistribute the load across circuits | Replace the weak MCB if needed | Monitor for 24 hours,MCB,2050,2.5,High,True,4,0,Found overloaded circuit causing MCB trips. Measure the load on each phase. Verified operation with the user before closing the ticket.,resolved,seed
MR-0224,2026-04-12,UPS-002,UPS,"Hostel 2, 1st floor",security guard,"UPS backup lasts only a few minutes. Happening since last week. Location: Hostel 2, 1st floor.",Degraded battery bank,Run a battery discharge test | Replace the battery bank | Recalibrate battery runtime | Test backup on full load,UPS battery set,22900,2.5,Medium,False,1,0,Found degraded battery bank. Run a battery discharge test. Verified operation with the user before closing the ticket.,resolved,seed
MR-0225,2026-04-15,CCTV-004,CCTV system,Hostel 1 corridor,admin staff,Cannot see old footage in Hostel 1 corridor.,Recorder hard disk failure,Check the disk status on the NVR | Replace the failed hard disk | Format and confirm recording,surveillance hard disk,5900,1.5,Medium,False,7,2,Found recorder hard disk failure. Check the disk status on the NVR. Recurring issue - 2 similar failure(s) earlier on this asset. Verified operation with the user before closing the ticket.,resolved,seed
MR-0226,2026-04-21,FA-003,Fire alarm system,"Block B, 1st floor",hostel warden,"Block B, 1st floor: Fire alarm went off with no smoke. Please check.",Dirty smoke detector causing false alarms,Identify the zone on the panel | Clean or replace the smoke detector | Reset the zone and test it,smoke detector,2650,1.0,High,True,2,2,Found dirty smoke detector causing false alarms. Identify the zone on the panel. Recurring issue - 2 similar failure(s) earlier on this asset. Closed after a successful test run.,resolved,seed
MR-0227,2026-04-22,AC-014,Air conditioner,"Sports Complex, Ground floor",lab assistant,"Complaint from student: Clicking noise from the outdoor unit and no cooling, also AC outdoor unit humming but the fan is not spinning (Sports Complex, Ground floor).",Failed compressor run capacitor,Isolate power and discharge the capacitor | Test capacitor value with a multimeter | Replace the run capacitor | Check compressor amperage after restart,run capacitor,950,1.5,High,False,6,2,Found failed compressor run capacitor. Isolate power and discharge the capacitor. Recurring issue - 2 similar failure(s) earlier on this asset. Closed after a successful test run.,resolved,seed
MR-0229,2026-04-26,DG-003,Diesel generator,Admin Building basement,housekeeping supervisor,"Urgent - No supply to the block even though the DG is running, also changeover switch not working at Admin Building basement.",Faulty ATS changeover contactor,Check the ATS control supply and logic | Inspect contactor contacts for burning | Replace the ATS contactor | Test changeover in both directions,ATS contactor,6250,2.0,Critical,True,10,2,Found faulty ATS changeover contactor. Check the ATS control supply and logic. Recurring issue - 2 similar failure(s) earlier on this asset. Tested after repair; operating normally.,resolved,seed
MR-0230,2026-04-30,LT-004,Lighting,"Block B, 1st floor",housekeeping supervisor,"Outdoor lights on at odd times. Happening since the past few hours. Location: Block B, 1st floor.",Faulty timer or photocell controller,Check timer settings and supply | Replace the photocell or timer | Test for two cycles,"photocell, timer relay",2000,1.0,Low,False,0,0,Found faulty timer or photocell controller. Check timer settings and supply. Verified operation with the user before closing the ticket.,resolved,seed
MR-0231,2026-05-02,LIFT-001,Elevator,Block A lift 1,lab assistant,Lift stuck with the door open in Block A lift 1.,Dirty door track and misaligned door sensor,Clean the door sill and track | Realign the door sensor | Lubricate door rollers | Test door cycle 10 times,door sensor,3700,2.5,Medium,False,6,1,Found dirty door track and misaligned door sensor. Clean the door sill and track. Recurring issue - 1 similar failure(s) earlier on this asset. Unit monitored for an hour after repair; no issues.,resolved,seed
MR-0232,2026-05-05,AC-005,Air conditioner,"Hostel 3, Ground floor",faculty member,"Hostel 3, Ground floor: Water leaking from the indoor AC unit, also water stains on the wall below the AC. Please check.",Blocked condensate drain line,Flush the drain line with air or water | Clear the blockage and clean the drain tray | Re-level the indoor unit | Run the unit and confirm no leakage,drain pipe,1000,1.0,Low,False,2,1,Found blocked condensate drain line. Flush the drain line with air or water. Recurring issue - 1 similar failure(s) earlier on this asset. Closed after a successful test run.,resolved,seed
MR-0233,2026-05-07,PUMP-003,Water pump,Hostel 3 pump room,housekeeping supervisor,Pump making noise but no water.,Loss of prime and leaking foot valve,Stop the pump and re-prime it | Inspect and replace the foot valve | Check the suction pipe for air leaks | Run the pump and confirm tank filling,foot valve,1550,1.0,Medium,False,1,0,Found loss of prime and leaking foot valve. Stop the pump and re-prime it. Tested after repair; operating normally.,resolved,seed
MR-0234,2026-05-12,RO-004,Water purifier,"Hostel 2, 2nd floor",housekeeping supervisor,"Hostel 2, 2nd floor: Purifier taking too long to fill. Please check.",Clogged sediment filter and fouled RO membrane,Replace the sediment and carbon filters | Flush or replace the RO membrane | Test TDS after service,sediment filter,2100,1.5,Low,False,2,1,Found clogged sediment filter and fouled RO membrane. Replace the sediment and carbon filters. Recurring issue - 1 similar failure(s) earlier on this asset. Closed after a successful test run.,resolved,seed
MR-0235,2026-05-13,PUMP-002,Water pump,Hostel 1 pump room,student,Pump making noise but no water. Happening since last night. Location: Hostel 1 pump room.,Loss of prime and leaking foot valve,Stop the pump and re-prime it | Inspect and replace the foot valve | Check the suction pipe for air leaks | Run the pump and confirm tank filling,foot valve,2450,1.5,Medium,False,4,3,Found loss of prime and leaking foot valve. Stop the pump and re-prime it. Recurring issue - 3 similar failure(s) earlier on this asset. Unit monitored for an hour after repair; no issues.,resolved,seed
MR-0236,2026-05-13,AC-013,Air conditioner,"Hostel 2, 2nd floor",hostel warden,"Bad smell coming from the AC. Happening since last night. Location: Hostel 2, 2nd floor.",Clogged air filter and dirty evaporator coil,Switch off and isolate the unit | Remove and wash or replace the air filter | Clean the evaporator coil with coil cleaner | Check airflow and run a cooling test,air filter,650,1.5,Low,False,1,0,Found clogged air filter and dirty evaporator coil. Switch off and isolate the unit. Verified operation with the user before closing the ticket.,resolved,seed
MR-0237,2026-05-14,FA-004,Fire alarm system,"Block C, 3rd floor",admin staff,"Fire panel not holding charge, also fire panel showing a battery fault. Happening since the past few hours. Location: Block C, 3rd floor.",Panel backup battery fault,Test the backup battery | Replace the battery | Verify the panel on mains and battery,12V sealed battery,3450,1.5,High,True,2,0,Found panel backup battery fault. Test the backup battery. Unit monitored for an hour after repair; no issues.,resolved,seed
MR-0238,2026-05-16,PUMP-002,Water pump,Hostel 1 pump room,admin staff,"Water dripping near the pump shaft near Hostel 1 pump room, started last week.",Worn mechanical seal and loose pipe joints,Replace the mechanical seal | Tighten and reseal pipe joints | Check the pressure gauge,mechanical seal,1600,1.0,Low,False,5,1,Found worn mechanical seal and loose pipe joints. Replace the mechanical seal. Recurring issue - 1 similar failure(s) earlier on this asset. Closed after a successful test run.,resolved,seed
MR-0239,2026-05-26,LT-006,Lighting,"Sports Complex, 3rd floor",hostel warden,"Corridor lights not switching on at night, also street lights staying on during the day in Sports Complex, 3rd floor.",Faulty timer or photocell controller,Check timer settings and supply | Replace the photocell or timer | Test for two cycles,"photocell, timer relay",1200,1.5,Low,False,3,0,Found faulty timer or photocell controller. Check timer settings and supply. Tested after repair; operating normally.,resolved,seed
MR-0241,2026-06-05,LIFT-004,Elevator,Hostel 2 lift,student,"Urgent - Lift power keeps tripping, also lift not responding to floor buttons at Hostel 2 lift.",Controller board fault or overload trip,Check the MCB and main supply | Inspect controller board and relays | Reset or replace the controller board | Full safety-circuit test before release,"controller board, relay",10900,4.0,Critical,True,2,0,Found controller board fault or overload trip. Check the MCB and main supply. Unit monitored for an hour after repair; no issues.,resolved,seed
MR-0242,2026-06-06,EP-003,Electrical panel,"Sports Complex, 2nd floor",hostel warden,"Burning smell from the distribution board near Sports Complex, 2nd floor, started yesterday.",Loose terminal connection causing overheating,"Isolate the supply immediately | Tighten all terminal connections | Replace burnt MCB, wire or socket | Thermal-scan the board after repair","MCB, socket",3250,1.5,Critical,True,5,1,Found loose terminal connection causing overheating. Isolate the supply immediately. Recurring issue - 1 similar failure(s) earlier on this asset. Tested after repair; operating normally.,resolved,seed
MR-0243,2026-06-12,DG-003,Diesel generator,Admin Building basement,security guard,High temperature alarm on the DG panel. Reported by faculty member.,Coolant loss and radiator blockage causing overheating,Let the engine cool down and inspect for leaks | Refill coolant and replace the leaking hose or thermostat | Clean the radiator fins | Run a temperature test on load,thermostat,5700,3.5,High,False,11,4,Found coolant loss and radiator blockage causing overheating. Let the engine cool down and inspect for leaks. Recurring issue - 4 similar failure(s) earlier on this asset. Unit monitored for an hour after repair; no issues.,resolved,seed
MR-0244,2026-06-13,RO-005,Water purifier,"Cafeteria, Ground floor",housekeeping supervisor,"Cafeteria, Ground floor: RO water tastes bad. Please check.",Clogged sediment filter and fouled RO membrane,Replace the sediment and carbon filters | Flush or replace the RO membrane | Test TDS after service,sediment filter,3650,1.0,Low,False,2,2,Found clogged sediment filter and fouled RO membrane. Replace the sediment and carbon filters. Recurring issue - 2 similar failure(s) earlier on this asset. Closed after a successful test run.,resolved,seed
MR-0245,2026-06-14,LT-005,Lighting,"Hostel 3, 1st floor",faculty member,"Corridor lights not switching on at night. Happening since two days ago. Location: Hostel 3, 1st floor.",Faulty timer or photocell controller,Check timer settings and supply | Replace the photocell or timer | Test for two cycles,timer relay,2500,2.0,Low,False,2,1,Found faulty timer or photocell controller. Check timer settings and supply. Recurring issue - 1 similar failure(s) earlier on this asset. Closed after a successful test run.,resolved,seed
MR-0246,2026-06-25,PUMP-004,Water pump,Main sump,faculty member,"Burning smell from the pump motor near Main sump, started last night.",Burnt motor winding or failed starting capacitor,Isolate power and test winding resistance | Replace the starting capacitor or rewind the motor | Check insulation resistance | Test run and check current draw,capacitor,6600,3.5,High,False,7,2,Found burnt motor winding or failed starting capacitor. Isolate power and test winding resistance. Recurring issue - 2 similar failure(s) earlier on this asset. Tested after repair; operating normally.,resolved,seed
MR-0248,2026-07-03,EP-005,Electrical panel,"Block B, 3rd floor",student,"Urgent - Burning smell from the distribution board, also flickering power with a crackling sound at Block B, 3rd floor.",Loose terminal connection causing overheating,"Isolate the supply immediately | Tighten all terminal connections | Replace burnt MCB, wire or socket | Thermal-scan the board after repair",MCB,3600,2.5,Critical,True,4,0,Found loose terminal connection causing overheating. Isolate the supply immediately. Unit monitored for an hour after repair; no issues.,resolved,seed
MR-0249,2026-07-09,EP-003,Electrical panel,"Sports Complex, 2nd floor",housekeeping supervisor,"Sports Complex, 2nd floor: Earth leakage breaker keeps tripping, also mild shock felt on a metal equipment body. Please check.",Earth leakage causing RCCB trips,Perform an insulation resistance test | Locate and fix the leakage or earthing fault | Replace the RCCB if defective | Verify earth resistance,earthing wire,3150,2.0,Critical,True,6,2,Found earth leakage causing RCCB trips. Perform an insulation resistance test. Recurring issue - 2 similar failure(s) earlier on this asset. Closed after a successful test run.,resolved,seed
MR-0250,2026-07-09,LT-005,Lighting,"Hostel 3, 1st floor",faculty member,"LED panel not turning on, also tube lights flickering in the corridor, started this morning.",Failed LED driver or ballast,Test the driver output | Replace the driver or ballast | Confirm stable lighting,"ballast, LED driver",750,0.5,Low,False,3,1,Found failed LED driver or ballast. Test the driver output. Recurring issue - 1 similar failure(s) earlier on this asset. Tested after repair; operating normally.,resolved,seed
MR-0251,2026-07-12,FA-002,Fire alarm system,"Block B, 3rd floor",student,"Urgent - Fire panel not holding charge, also fire panel showing a battery fault at Block B, 3rd floor.",Panel backup battery fault,Test the backup battery | Replace the battery | Verify the panel on mains and battery,12V sealed battery,4750,1.0,High,True,2,2,Found panel backup battery fault. Test the backup battery. Recurring issue - 2 similar failure(s) earlier on this asset. Tested after repair; operating normally.,resolved,seed
MR-0252,2026-07-12,DG-003,Diesel generator,Admin Building basement,student,"Admin Building basement: Changeover switch not working, also no supply to the block even though the DG is running. Please check.",Faulty ATS changeover contactor,Check the ATS control supply and logic | Inspect contactor contacts for burning | Replace the ATS contactor | Test changeover in both directions,ATS contactor,9700,4.5,Critical,True,12,3,Found faulty ATS changeover contactor. Check the ATS control supply and logic. Recurring issue - 3 similar failure(s) earlier on this asset. Unit monitored for an hour after repair; no issues.,resolved,seed
MR-0254,2026-07-16,AC-012,Air conditioner,"Block D, 3rd floor",lab assistant,"AC blowing air but the room stays warm, also weak airflow from the AC vents.",Clogged air filter and dirty evaporator coil,Switch off and isolate the unit | Remove and wash or replace the air filter | Clean the evaporator coil with coil cleaner | Check airflow and run a cooling test,air filter,650,2.0,Low,False,1,0,Found clogged air filter and dirty evaporator coil. Switch off and isolate the unit. Tested after repair; operating normally.,resolved,seed
MR-0255,2026-07-17,PL-007,Plumbing,"Auditorium, 1st floor",faculty member,"Water not draining from the floor trap, also washroom drain overflowing near Auditorium, 1st floor, started the past few hours.",Blocked drain line,Rod or jet the drain line | Clear the blockage and clean the trap | Flush with clean water,drain cleaner,1800,1.5,Medium,False,5,2,Found blocked drain line. Rod or jet the drain line. Recurring issue - 2 similar failure(s) earlier on this asset. Verified operation with the user before closing the ticket.,resolved,seed
MR-0256,2026-07-21,PL-004,Plumbing,"Hostel 3, 2nd floor",admin staff,"Hostel 3, 2nd floor: Wet patch on the wall near the washroom. Please check.",Leaking pipe joint or fitting,Close the local water supply | Locate the leak and replace the fitting | Repair the damaged plaster and waterproofing | Pressure test the line,sealant,3300,3.5,Medium,False,4,2,Found leaking pipe joint or fitting. Close the local water supply. Recurring issue - 2 similar failure(s) earlier on this asset. Verified operation with the user before closing the ticket.,resolved,seed
MR-0257,2026-07-30,CCTV-006,CCTV system,Sports Complex,security guard,Sports Complex: Camera feed keeps disconnecting. Please check.,Camera cable or PoE switch port failure,Check the camera power and cable | Test the PoE switch port | Replace the cable or move to a spare port,"PoE injector, network cable",900,1.5,Medium,False,0,0,Found camera cable or PoE switch port failure. Check the camera power and cable. Unit monitored for an hour after repair; no issues.,resolved,seed
MR-0258,2026-07-30,PRJ-005,Projector,"Block D, 3rd floor",admin staff,"Projector display flickering. Happening since two days ago. Location: Block D, 3rd floor.",Faulty HDMI cable or input port,Swap the HDMI cable | Test other input ports | Replace the cable or port board,HDMI cable,850,1.5,Low,False,0,0,Found faulty HDMI cable or input port. Swap the HDMI cable. Verified operation with the user before closing the ticket.,resolved,seed
MR-0259,2026-08-01,DG-001,Diesel generator,Main power house,student,"Generator starts then shuts down after a minute, also DG set losing power and surging.",Clogged fuel filter and air lock in fuel line,Replace the fuel filter | Bleed air from the fuel line | Drain water from the fuel separator and check fuel quality | Run the set on load for 30 minutes,fuel filter,3250,3.0,High,False,5,0,Found clogged fuel filter and air lock in fuel line. Replace the fuel filter. Closed after a successful test run.,resolved,seed
MR-0260,2026-08-01,AC-014,Air conditioner,"Sports Complex, Ground floor",housekeeping supervisor,"AC compressor not starting in Sports Complex, Ground floor.",Failed compressor run capacitor,Isolate power and discharge the capacitor | Test capacitor value with a multimeter | Replace the run capacitor | Check compressor amperage after restart,run capacitor,1900,1.0,High,False,7,3,Found failed compressor run capacitor. Isolate power and discharge the capacitor. Recurring issue - 3 similar failure(s) earlier on this asset. Tested after repair; operating normally.,resolved,seed
MR-0261,2026-08-01,AC-014,Air conditioner,"Sports Complex, Ground floor",hostel warden,"Bad smell coming from the AC near Sports Complex, Ground floor, started two days ago.",Clogged air filter and dirty evaporator coil,Switch off and isolate the unit | Remove and wash or replace the air filter | Clean the evaporator coil with coil cleaner | Check airflow and run a cooling test,coil cleaner,800,1.0,Low,False,8,2,Found clogged air filter and dirty evaporator coil. Switch off and isolate the unit. Recurring issue - 2 similar failure(s) earlier on this asset. Closed after a successful test run.,resolved,seed
MR-0262,2026-08-04,RO-005,Water purifier,"Cafeteria, Ground floor",housekeeping supervisor,"Cafeteria, Ground floor: Purifier taking too long to fill. Please check.",Clogged sediment filter and fouled RO membrane,Replace the sediment and carbon filters | Flush or replace the RO membrane | Test TDS after service,"sediment filter, RO membrane",2800,1.5,Low,False,3,3,Found clogged sediment filter and fouled RO membrane. Replace the sediment and carbon filters. Recurring issue - 3 similar failure(s) earlier on this asset. Verified operation with the user before closing the ticket.,resolved,seed
MR-0263,2026-08-05,PRJ-005,Projector,"Block D, 3rd floor",admin staff,"Block D, 3rd floor: Projector display flickering. Please check.",Faulty HDMI cable or input port,Swap the HDMI cable | Test other input ports | Replace the cable or port board,HDMI cable,750,0.5,Low,False,1,1,Found faulty HDMI cable or input port. Swap the HDMI cable. Recurring issue - 1 similar failure(s) earlier on this asset. Verified operation with the user before closing the ticket.,resolved,seed
MR-0264,2026-08-13,PL-006,Plumbing,"Block B, 2nd floor",student,Flush tank not filling.,Worn tap washer or faulty flush valve,Replace the tap washer or cartridge | Replace the flush valve or float | Check for leaks,flush valve,250,1.0,Low,False,0,0,Found worn tap washer or faulty flush valve. Replace the tap washer or cartridge. Verified operation with the user before closing the ticket.,resolved,seed
MR-0265,2026-08-13,AC-010,Air conditioner,"Hostel 1, 1st floor",housekeeping supervisor,"Ice forming on the AC copper pipe near Hostel 1, 1st floor, started last night.",Low refrigerant due to gas leak,Perform a pressure and leak test | Seal or weld the leaking joint | Vacuum the line and recharge refrigerant | Verify cooling and gas pressure,copper joint,4200,4.0,Medium,False,5,2,Found low refrigerant due to gas leak. Perform a pressure and leak test. Recurring issue - 2 similar failure(s) earlier on this asset. Unit monitored for an hour after repair; no issues.,resolved,seed
MR-0266,2026-08-13,PUMP-001,Water pump,Block A pump room,lab assistant,Burning smell from the pump motor.,Burnt motor winding or failed starting capacitor,Isolate power and test winding resistance | Replace the starting capacitor or rewind the motor | Check insulation resistance | Test run and check current draw,motor winding,2750,2.5,High,False,1,0,Found burnt motor winding or failed starting capacitor. Isolate power and test winding resistance. Closed after a successful test run.,resolved,seed
MR-0267,2026-08-16,PRJ-003,Projector,"Block B, 1st floor",hostel warden,"Block B, 1st floor: No signal on the projector from the laptop, also projector display flickering. Please check.",Faulty HDMI cable or input port,Swap the HDMI cable | Test other input ports | Replace the cable or port board,HDMI cable,1150,1.0,Low,False,1,1,Found faulty HDMI cable or input port. Swap the HDMI cable. Recurring issue - 1 similar failure(s) earlier on this asset. Unit monitored for an hour after repair; no issues.,resolved,seed
MR-0268,2026-08-16,AC-002,Air conditioner,"Block A, 2nd floor",security guard,"AC trips and does not start, also clicking noise from the outdoor unit and no cooling in Block A, 2nd floor.",Failed compressor run capacitor,Isolate power and discharge the capacitor | Test capacitor value with a multimeter | Replace the run capacitor | Check compressor amperage after restart,run capacitor,1050,1.5,High,False,6,3,Found failed compressor run capacitor. Isolate power and discharge the capacitor. Recurring issue - 3 similar failure(s) earlier on this asset. Closed after a successful test run.,resolved,seed
MR-0269,2026-08-17,DG-003,Diesel generator,Admin Building basement,faculty member,"DG set losing power and surging, also generator hunting and running unevenly. Reported by security guard.",Clogged fuel filter and air lock in fuel line,Replace the fuel filter | Bleed air from the fuel line | Drain water from the fuel separator and check fuel quality | Run the set on load for 30 minutes,fuel filter,3850,2.0,High,False,13,1,Found clogged fuel filter and air lock in fuel line. Replace the fuel filter. Recurring issue - 1 similar failure(s) earlier on this asset. Verified operation with the user before closing the ticket.,resolved,seed
MR-0270,2026-08-20,LIFT-002,Elevator,Block B lift 1,housekeeping supervisor,"Elevator stuck between floors near Block B lift 1, started last week.",Controller board fault or overload trip,Check the MCB and main supply | Inspect controller board and relays | Reset or replace the controller board | Full safety-circuit test before release,relay,8350,6.5,Critical,True,1,0,Found controller board fault or overload trip. Check the MCB and main supply. Closed after a successful test run.,resolved,seed
MR-0271,2026-08-24,PUMP-004,Water pump,Main sump,student,Pump motor humming but not starting in Main sump.,Burnt motor winding or failed starting capacitor,Isolate power and test winding resistance | Replace the starting capacitor or rewind the motor | Check insulation resistance | Test run and check current draw,motor winding,7700,4.5,High,False,8,3,Found burnt motor winding or failed starting capacitor. Isolate power and test winding resistance. Recurring issue - 3 similar failure(s) earlier on this asset. Closed after a successful test run.,resolved,seed
MR-0273,2026-08-25,CCTV-005,CCTV system,Cafeteria,housekeeping supervisor,NVR beeping continuously in Cafeteria.,Recorder hard disk failure,Check the disk status on the NVR | Replace the failed hard disk | Format and confirm recording,surveillance hard disk,8650,1.5,Medium,False,1,1,Found recorder hard disk failure. Check the disk status on the NVR. Recurring issue - 1 similar failure(s) earlier on this asset. Tested after repair; operating normally.,resolved,seed
MR-0274,2026-08-26,RO-003,Water purifier,"Hostel 1, Ground floor",lab assistant,"Complaint from housekeeping supervisor: Purifier taking too long to fill (Hostel 1, Ground floor).",Clogged sediment filter and fouled RO membrane,Replace the sediment and carbon filters | Flush or replace the RO membrane | Test TDS after service,RO membrane,2450,1.0,Low,False,0,0,Found clogged sediment filter and fouled RO membrane. Replace the sediment and carbon filters. Closed after a successful test run.,resolved,seed
MR-0275,2026-08-27,DG-002,Diesel generator,Hostel power room,lab assistant,Urgent - Generator stalls under load at Hostel power room.,Clogged fuel filter and air lock in fuel line,Replace the fuel filter | Bleed air from the fuel line | Drain water from the fuel separator and check fuel quality | Run the set on load for 30 minutes,fuel filter,2650,2.0,High,False,5,1,Found clogged fuel filter and air lock in fuel line. Replace the fuel filter. Recurring issue - 1 similar failure(s) earlier on this asset. Tested after repair; operating normally.,resolved,seed
MR-0276,2026-08-30,PRJ-002,Projector,"Auditorium, 2nd floor",admin staff,"Projector display flickering near Auditorium, 2nd floor, started yesterday.",Faulty HDMI cable or input port,Swap the HDMI cable | Test other input ports | Replace the cable or port board,HDMI cable,1350,1.0,Low,False,3,1,Found faulty HDMI cable or input port. Swap the HDMI cable. Recurring issue - 1 similar failure(s) earlier on this asset. Verified operation with the user before closing the ticket.,resolved,seed
MR-0277,2026-08-30,EP-005,Electrical panel,"Block B, 3rd floor",student,"Complaint from security guard: Lights go off when the AC starts, also MCB keeps tripping in the lab (Block B, 3rd floor).",Overloaded circuit causing MCB trips,Measure the load on each phase | Redistribute the load across circuits | Replace the weak MCB if needed | Monitor for 24 hours,MCB,1900,2.0,High,True,5,1,Found overloaded circuit causing MCB trips. Measure the load on each phase. Recurring issue - 1 similar failure(s) earlier on this asset. Unit monitored for an hour after repair; no issues.,resolved,seed
MR-0278,2026-08-31,LIFT-005,Elevator,Admin Building lift,student,Lift display blank and not moving. Reported by admin staff.,Controller board fault or overload trip,Check the MCB and main supply | Inspect controller board and relays | Reset or replace the controller board | Full safety-circuit test before release,controller board,13950,6.5,Critical,True,9,3,Found controller board fault or overload trip. Check the MCB and main supply. Recurring issue - 3 similar failure(s) earlier on this asset. Unit monitored for an hour after repair; no issues.,resolved,seed
MR-0279,2026-09-05,PUMP-002,Water pump,Hostel 1 pump room,faculty member,"Urgent - Burning smell from the pump motor, also pump trips the MCB when started at Hostel 1 pump room.",Burnt motor winding or failed starting capacitor,Isolate power and test winding resistance | Replace the starting capacitor or rewind the motor | Check insulation resistance | Test run and check current draw,capacitor,4400,4.5,High,False,6,0,Found burnt motor winding or failed starting capacitor. Isolate power and test winding resistance. Verified operation with the user before closing the ticket.,resolved,seed
